window_stem,path,mean_abs_z,top1_feature,top1_z,top2_feature,top2_z,top3_feature,top3_z
window_13900,exact_data/anomaly/window_13900.csv,2.4772794168598375,E1 CHT1__std,31.391783054347414,E1 CHT1__min,7.68346867265858,E1 CHT1__mean,5.530700473652129
window_6225,exact_data/anomaly/window_6225.csv,1.9792881301225336,E1 CHT1__std,21.105931907989046,E1 CHT1__min,5.028932162527509,E1 CHT1__mean,2.9856066579839653
window_26000,exact_data/anomaly/window_26000.csv,1.934653076458627,E1 CHT1__std,7.34034126892192,E1 EGT1__min,6.984113956264662,E1 EGT1__std,5.202233740870812
window_13925,exact_data/anomaly/window_13925.csv,1.7114762706280917,E1 CHT1__min,7.213342227870481,E1 CHT1__mean,7.127770173553116,E1 CHT1__max,6.860361891424443
window_13950,exact_data/anomaly/window_13950.csv,1.620905648411564,E1 CHT1__min,6.397912770599594,E1 CHT1__mean,6.293034961322973,E1 CHT1__max,6.043309277303951
window_13975,exact_data/anomaly/window_13975.csv,1.5426244304206256,E1 CHT1__min,5.613218731333532,E1 CHT1__mean,5.522095291611432,E1 CHT1__max,5.330371377361437
window_6250,exact_data/anomaly/window_6250.csv,1.4539683640138503,E1 CHT1__min,4.808452582350035,E1 CHT1__mean,4.785674012910552,E1 CHT1__max,4.638256420254517
window_14000,exact_data/anomaly/window_14000.csv,1.4442456332980844,E1 CHT1__min,4.900972463078847,E1 CHT1__mean,4.85339777219931,E1 CHT1__max,4.677919168512792
window_14025,exact_data/anomaly/window_14025.csv,1.3801170961625016,E1 CHT1__min,4.292850263983366,E1 CHT1__mean,4.244404807122506,E1 CHT1__max,4.099173566844112
window_3150,exact_data/anomaly/window_3150.csv,1.3741909225685203,NormAc__mean,14.380735157834769,NormAc__max,7.5169526469174155,NormAc__std,3.2443899091842994
window_14050,exact_data/anomaly/window_14050.csv,1.3049996101671826,E1 CHT1__min,3.7374173528961587,E1 CHT1__mean,3.7003684873112883,E1 CHT1__max,3.5828967936822163
window_9750,exact_data/anomaly/window_9750.csv,1.2637946360401113,IAS__std,4.6922647882448585,E1 EGT1__std,3.209150871131309,E1 EGT1__min,2.625514934739505
window_25725,exact_data/anomaly/window_25725.csv,1.2564660548769147,IAS__std,3.6713664326701205,E1 RPM__max,2.6809782961536404,E1 EGT1__mean,2.6640395448853544
window_75,exact_data/anomaly/window_75.csv,1.2559554228422998,E1 CHT1__min,3.2095835926704277,E1 CHT1__mean,3.1380041063818633,E1 CHT1__max,3.015058447784562
window_14075,exact_data/anomaly/window_14075.csv,1.2460791315799693,E1 CHT1__min,3.2349873565315583,E1 CHT1__mean,3.2130525792613764,E1 CHT1__max,3.1152068871367096
window_6350,exact_data/anomaly/window_6350.csv,1.2295486015087644,E1 CHT1__min,2.7585883774567597,E1 CHT1__mean,2.7549812684367843,E1 CHT1__max,2.707672148782921
window_25750,exact_data/anomaly/window_25750.csv,1.2156399818005552,E1 EGT1__min,2.442177669914622,E1 EGT1__mean,2.2614136714017445,IAS__max,2.1994232076940716
window_9775,exact_data/anomaly/window_9775.csv,1.2153727722138847,IAS__std,5.312215724492744,E1 EGT1__std,3.2805586383029985,E1 EGT1__min,2.625514934739505
window_25850,exact_data/anomaly/window_25850.csv,1.2072466113733422,E1 EGT1__max,3.092321581977651,E1 EGT1__mean,3.0247332861498113,E1 EGT1__min,2.5259016875179854
window_25950,exact_data/anomaly/window_25950.csv,1.2041071671386505,E1 EGT1__mean,2.7709814517204645,E1 EGT1__max,2.682608727601289,E1 RPM__max,2.3952751453211008
window_25975,exact_data/anomaly/window_25975.csv,1.203895464101614,E1 EGT1__max,3.3426970323243355,E1 EGT1__mean,2.9398929501366635,E1 EGT1__min,2.4847730277756033
window_20500,exact_data/anomaly/window_20500.csv,1.2038410323405047,E1 EGT1__max,2.2301671287046854,E1 CHT1__max,2.2032942000985076,E1 CHT1__mean,2.2012003666929743
window_20925,exact_data/anomaly/window_20925.csv,1.2024221578609622,E1 EGT1__max,3.9861269571174627,E1 EGT1__mean,3.3096123108513207,E1 EGT1__min,2.575402749020704
window_13875,exact_data/anomaly/window_13875.csv,1.2001883936046607,E1 EGT1__max,3.90025300857873,E1 EGT1__mean,3.3011197579220455,E1 EGT1__min,2.5813306539167087
window_3050,exact_data/anomaly/window_3050.csv,1.1968644600833511,NormAc__mean,12.715627849149529,NormAc__max,4.322894051819148,NormAc__std,2.7382282887014457
window_6375,exact_data/anomaly/window_6375.csv,1.1920925361948018,E1 CHT1__mean,2.416872489087468,E1 CHT1__max,2.3900396398145594,E1 CHT1__min,2.3722002653960934
window_20750,exact_data/anomaly/window_20750.csv,1.1818404429392,E1 EGT1__max,3.715678158955225,E1 EGT1__mean,3.1312224515561913,E1 EGT1__min,2.5056123635440315
window_20900,exact_data/anomaly/window_20900.csv,1.177596218895747,E1 EGT1__max,3.8381172514401314,E1 EGT1__mean,3.2457416920882998,E1 EGT1__min,2.570819317400082
window_25900,exact_data/anomaly/window_25900.csv,1.177339585593207,E1 EGT1__mean,2.8784101772961472,E1 EGT1__max,2.759653734777165,E1 EGT1__min,2.490150920877133
window_20525,exact_data/anomaly/window_20525.csv,1.1750489154522437,E1 EGT1__max,2.258986125983446,IAS__max,2.1994232076940716,E1 RPM__max,2.0757791486911636
window_20825,exact_data/anomaly/window_20825.csv,1.1697327122309027,E1 EGT1__mean,3.215349598114403,E1 EGT1__min,2.773284770188361,E1 EGT1__max,2.6620356283878386
window_6500,exact_data/anomaly/window_6500.csv,1.1575485830118448,E1 EGT1__max,2.605563720425413,E1 EGT1__mean,2.5638498139819745,E1 RPM__max,2.2601037621315117
window_25875,exact_data/anomaly/window_25875.csv,1.152854674441933,E1 EGT1__min,2.5271850483717597,E1 EGT1__mean,2.439681826011733,E1 EGT1__max,2.25590432569641
window_925,exact_data/anomaly/window_925.csv,1.1512142808948105,E1 EGT1__max,2.591487389384631,E1 RPM__max,2.2051903877107417,IAS__max,2.1994232076940716
window_20550,exact_data/anomaly/window_20550.csv,1.1470199113552482,E1 EGT1__max,2.285472950072016,IAS__max,2.1994232076940716,E1 RPM__max,2.073091081411825
window_6400,exact_data/anomaly/window_6400.csv,1.1412111146145487,IAS__max,2.1994232076940716,E1 RPM__max,2.1546931238203126,E1 CHT1__mean,2.1126310150963024
window_20725,exact_data/anomaly/window_20725.csv,1.1398141291186952,E1 EGT1__max,3.7503275892094576,E1 EGT1__mean,3.1577881502291927,E1 RPM__max,2.4657409090009
window_25925,exact_data/anomaly/window_25925.csv,1.1301010659362998,E1 EGT1__mean,2.6456572692413634,E1 EGT1__max,2.5056134408458983,E1 EGT1__min,2.432460794878904
window_20875,exact_data/anomaly/window_20875.csv,1.1291756560552357,E1 EGT1__max,2.9755463386689183,E1 EGT1__mean,2.9192469673490113,E1 EGT1__min,2.455989077198097
window_1000,exact_data/anomaly/window_1000.csv,1.126110859920388,E1 EGT1__max,2.5071126950395914,IAS__max,2.1994232076940716,E1 RPM__max,2.132036556751603
window_900,exact_data/anomaly/window_900.csv,1.123188073365421,E1 EGT1__max,2.553089823646168,IAS__max,2.1994232076940716,E1 RPM__max,2.196934181067059
window_975,exact_data/anomaly/window_975.csv,1.1218450353320126,E1 EGT1__max,2.4916204017047656,IAS__max,2.1994232076940716,E1 RPM__max,2.1285804702495965
window_6425,exact_data/anomaly/window_6425.csv,1.1215798053855803,IAS__max,2.1994232076940716,E1 RPM__max,2.174085609192683,IAS__mean,2.0599378267948887
window_6200,exact_data/anomaly/window_6200.csv,1.118395951092491,E1 EGT1__max,3.1249720066402924,E1 EGT1__mean,2.5572728927968496,E1 RPM__max,2.2748881321678733
window_850,exact_data/anomaly/window_850.csv,1.1172885722961305,E1 EGT1__max,2.562751684005522,E1 RPM__max,2.2124865703260888,IAS__max,2.1994232076940716
window_20950,exact_data/anomaly/window_20950.csv,1.1137921654523166,E1 EGT1__min,2.562569140482962,E1 EGT1__mean,2.426506076798157,E1 EGT1__max,2.2443267516451173
window_20800,exact_data/anomaly/window_20800.csv,1.112538857651489,E1 EGT1__min,2.6183036689897263,E1 EGT1__mean,2.526038602401764,E1 EGT1__max,2.3981668902979187
window_6175,exact_data/anomaly/window_6175.csv,1.1055369783074085,E1 EGT1__max,2.9628859699221786,E1 EGT1__mean,2.451146407352199,E1 RPM__max,2.2476234497631546
window_6550,exact_data/anomaly/window_6550.csv,1.101411280789447,E1 EGT1__max,2.9221562309935263,E1 EGT1__mean,2.8876207878677635,E1 RPM__max,2.541966816850711
window_13850,exact_data/anomaly/window_13850.csv,1.1003243092935364,E1 EGT1__max,3.274314382712017,E1 EGT1__mean,2.913139826248539,E1 EGT1__min,2.5342129768567134
window_6700,exact_data/anomaly/window_6700.csv,1.0995441278120524,E1 EGT1__mean,3.101755313189379,E1 EGT1__max,2.83903091514323,E1 RPM__max,2.7163071803963734
window_6575,exact_data/anomaly/window_6575.csv,1.0978832936006258,E1 EGT1__max,3.74358094533784,E1 EGT1__mean,3.1245140893111114,E1 RPM__max,2.548110970632056
window_825,exact_data/anomaly/window_825.csv,1.091455439359907,E1 EGT1__max,2.4438108513058974,E1 RPM__max,2.2048063780994074,IAS__max,2.1994232076940716
window_20775,exact_data/anomaly/window_20775.csv,1.0902618893780023,E1 EGT1__mean,2.91451265509695,E1 EGT1__min,2.5174070609144326,E1 EGT1__max,2.3981668902979187
window_6725,exact_data/anomaly/window_6725.csv,1.0873003932074647,E1 EGT1__std,5.251775703295559,E1 RPM__std,2.8804447201196983,E1 EGT1__min,2.7566621915109044
window_20025,exact_data/anomaly/window_20025.csv,1.086264171039541,E1 EGT1__max,2.8856743789470047,E1 EGT1__mean,2.3532495927169106,E1 RPM__max,2.2587597284918424
window_25825,exact_data/anomaly/window_25825.csv,1.0833451784201453,IAS__max,2.1994232076940716,IAS__mean,2.0599378267948887,E1 EGT1__min,2.0478192132762993
window_19950,exact_data/anomaly/window_19950.csv,1.075554564415825,E1 EGT1__max,2.8758459347883516,E1 EGT1__mean,2.32218812297473,E1 RPM__max,2.252999584321832
window_6125,exact_data/anomaly/window_6125.csv,1.0721060671317757,IAS__max,2.1994232076940716,E1 EGT1__min,2.1282431601128144,IAS__mean,2.0599378267948887
window_21125,exact_data/anomaly/window_21125.csv,1.0697501693170566,E1 FFlow__std,4.781562915012214,E1 RPM__std,4.055508450348886,IAS__std,3.6152543788510023
window_800,exact_data/anomaly/window_800.csv,1.065735758650082,E1 EGT1__max,2.217340176158648,E1 RPM__max,2.2048063780994074,IAS__max,2.1994232076940716
window_3075,exact_data/anomaly/window_3075.csv,1.0631476865844343,NormAc__mean,6.667161129566394,NormAc__max,5.068174390675411,NormAc__std,4.856156791498596
window_6525,exact_data/anomaly/window_6525.csv,1.0592332422364432,E1 EGT1__max,2.500199467368674,E1 RPM__max,2.2601037621315117,IAS__max,2.1994232076940716
window_3225,exact_data/anomaly/window_3225.csv,1.0558465206574608,NormAc__mean,8.218414947059483,NormAc__max,4.216425431982539,NormAc__std,3.929991232911967
window_6475,exact_data/anomaly/window_6475.csv,1.0543864088580939,E1 EGT1__std,2.2864269321674846,IAS__max,2.1994232076940716,IAS__mean,2.0599378267948887
window_13825,exact_data/anomaly/window_13825.csv,1.052601456083222,E1 EGT1__max,2.820623405320669,E1 EGT1__mean,2.739710649919835,E1 EGT1__min,2.3259418440156465
window_3125,exact_data/anomaly/window_3125.csv,1.046667012779411,NormAc__mean,6.297137283191897,NormAc__std,4.315200048488984,NormAc__max,4.216425431982539
window_20850,exact_data/anomaly/window_20850.csv,1.0464769548505006,E1 EGT1__max,2.2229207334351697,IAS__max,2.1994232076940716,E1 EGT1__mean,2.1297827521385355
window_400,exact_data/anomaly/window_400.csv,1.042661330291509,E1 EGT1__mean,2.3036695380833767,IAS__max,2.1994232076940716,E1 EGT1__max,2.1319659790178123
window_6600,exact_data/anomaly/window_6600.csv,1.041112560664985,E1 EGT1__mean,2.8947697210730623,E1 EGT1__max,2.6834416465977844,E1 EGT1__min,2.3836930824354847
window_16325,exact_data/anomaly/window_16325.csv,1.0403677323095488,E1 RPM__std,3.6795170582205654,E1 FFlow__std,3.6526026851108684,E1 EGT1__std,3.53590587870327
window_20050,exact_data/anomaly/window_20050.csv,1.0367352371171656,E1 EGT1__max,2.918408095509294,E1 EGT1__mean,2.3663182418075617,E1 RPM__max,2.2597197525201778
window_8250,exact_data/anomaly/window_8250.csv,1.0193463659752138,NormAc__max,7.09107816757098,NormAc__std,4.084038330250252,NormAc__min,2.2234305705705073
window_6150,exact_data/anomaly/window_6150.csv,1.0103200947084066,E1 EGT1__max,2.521438901779322,E1 EGT1__mean,2.3185613233574682,E1 RPM__max,2.2566476756295053
window_6850,exact_data/anomaly/window_6850.csv,1.0089293636675836,IAS__std,5.750888497691143,E1 FFlow__std,3.776302874001616,E1 RPM__std,2.9818874580562764
window_675,exact_data/anomaly/window_675.csv,1.0076107611057707,IAS__max,2.1994232076940716,IAS__mean,2.0599378267948887,E1 EGT1__std,1.9719135221303248
window_6675,exact_data/anomaly/window_6675.csv,1.005079741940399,IAS__max,2.1994232076940716,E1 EGT1__min,2.065480703121096,IAS__mean,2.0599378267948887
window_6625,exact_data/anomaly/window_6625.csv,0.996039657162074,E1 EGT1__max,2.415741481123985,E1 EGT1__mean,2.357375381543257,IAS__max,2.1994232076940716
window_6650,exact_data/anomaly/window_6650.csv,0.9935666054312274,IAS__max,2.1994232076940716,E1 EGT1__min,2.1323376923605704,E1 EGT1__mean,2.0750424188549417
window_6450,exact_data/anomaly/window_6450.csv,0.982574435917233,IAS__max,2.1994232076940716,IAS__mean,2.0599378267948887,IAS__min,1.8677747393789745
window_7100,exact_data/anomaly/window_7100.csv,0.982357059515741,AltMSL__std,3.9026166835075307,NormAc__min,2.4299158548927386,NormAc__mean,2.3984231066088
window_21075,exact_data/anomaly/window_21075.csv,0.9797614825795959,IAS__max,2.1994232076940716,IAS__mean,2.0599378267948887,E1 RPM__max,1.9068149197041777
window_15600,exact_data/anomaly/window_15600.csv,0.9741135832196929,E1 EGT1__std,4.0521972791189835,IAS__std,2.8466516163643325,E1 RPM__std,2.3937231983532516
window_6800,exact_data/anomaly/window_6800.csv,0.9676314481228674,IAS__max,2.1994232076940716,E1 RPM__max,2.18656592156104,IAS__mean,2.0599378267948887
window_425,exact_data/anomaly/window_425.csv,0.9562293372418254,E1 EGT1__mean,2.259437187315024,IAS__max,2.1994232076940716,E1 EGT1__max,2.1319659790178123
window_350,exact_data/anomaly/window_350.csv,0.9509690886321698,IAS__max,2.1994232076940716,IAS__mean,2.0599378267948887,E1 EGT1__std,1.9832587264335695
window_775,exact_data/anomaly/window_775.csv,0.9477937616632822,IAS__max,2.1994232076940716,E1 EGT1__std,2.110016222338005,IAS__mean,2.0599378267948887
window_20975,exact_data/anomaly/window_20975.csv,0.9398703716728251,E1 EGT1__std,3.650166550917314,IAS__max,2.1994232076940716,IAS__mean,2.0599378267948887
window_700,exact_data/anomaly/window_700.csv,0.9371501197902693,E1 EGT1__std,4.619270328142481,IAS__max,2.1994232076940716,IAS__mean,2.0599378267948887
window_21100,exact_data/anomaly/window_21100.csv,0.9319898476623438,IAS__max,2.1994232076940716,IAS__mean,2.0599378267948887,IAS__min,1.8677747393789745
window_21025,exact_data/anomaly/window_21025.csv,0.9257213048545561,IAS__max,2.1994232076940716,IAS__mean,2.0599378267948887,E1 RPM__max,2.012801572432378
window_1625,exact_data/anomaly/window_1625.csv,0.9132354338388368,NormAc__min,3.6688275608261303,NormAc__std,3.1633194697160723,NormAc__max,1.8741157955771428
window_6900,exact_data/anomaly/window_6900.csv,0.912360411276322,AltMSL__std,3.5257865474471513,E1 FFlow__min,2.248126274280104,NormAc__min,2.2234305705705073
window_21000,exact_data/anomaly/window_21000.csv,0.9123273105496604,E1 RPM__std,2.2310774467570016,IAS__max,2.1994232076940716,E1 EGT1__std,2.1659608922611757
window_9100,exact_data/anomaly/window_9100.csv,0.9078635835695692,AltMSL__std,3.5808885055304858,NormAc__std,2.032655403695287,E1 CHT1__min,1.8227262618812505
window_750,exact_data/anomaly/window_750.csv,0.9070952529658098,IAS__max,2.1994232076940716,IAS__mean,2.0599378267948887,E1 RPM__min,1.973510787035775
window_21050,exact_data/anomaly/window_21050.csv,0.9006605154707207,IAS__max,2.1994232076940716,IAS__mean,2.0599378267948887,IAS__min,1.8677747393789745
window_325,exact_data/anomaly/window_325.csv,0.897798224552433,IAS__max,2.1994232076940716,IAS__mean,2.0599378267948887,IAS__min,1.8677747393789745
window_6825,exact_data/anomaly/window_6825.csv,0.8894023965588435,IAS__max,2.1994232076940716,IAS__mean,2.0599378267948887,IAS__min,1.8677747393789745
window_9000,exact_data/anomaly/window_9000.csv,0.8793095321256956,NormAc__min,4.0817981294705925,AltMSL__min,2.110216068564418,AltMSL__mean,2.0845424187523824
window_7375,exact_data/anomaly/window_7375.csv,0.8682565415084798,NormAc__min,3.2558569921816662,NormAc__std,3.1765184306213454,AltMSL__min,2.0740536060352737
window_6775,exact_data/anomaly/window_6775.csv,0.8647542733795608,IAS__max,2.1994232076940716,IAS__mean,2.0599378267948887,IAS__min,1.8677747393789745
window_8650,exact_data/anomaly/window_8650.csv,0.8642216266369737,NormAc__min,3.2558569921816662,NormAc__std,3.143067318424842,AltMSL__mean,2.115397254433059
window_23450,exact_data/anomaly/window_23450.csv,0.8466210319625853,E1 EGT1__mean,2.22838301985395,E1 RPM__max,2.17619766205502,E1 EGT1__max,2.097649716362178
window_9725,exact_data/anomaly/window_9725.csv,0.8396591662624616,E1 EGT1__std,2.87439858555556,E1 EGT1__min,2.0657251528075298,E1 EGT1__mean,1.7532041153692204
window_725,exact_data/anomaly/window_725.csv,0.8390638814614522,E1 RPM__std,2.402359261236382,IAS__max,2.1994232076940716,IAS__mean,2.0599378267948887
window_3450,exact_data/anomaly/window_3450.csv,0.8360580939333025,NormAc__max,2.9388019939432324,AltMSL__max,2.445894055067518,AltMSL__min,2.436105347025882
window_9075,exact_data/anomaly/window_9075.csv,0.8344179249712799,AltMSL__std,2.9010965277865104,NormAc__std,1.6679316258102073,E1 CHT1__std,1.3857367919124353
window_25625,exact_data/anomaly/window_25625.csv,0.8333569646890163,E1 EGT1__std,4.527797191857655,E1 EGT1__min,3.014312161011473,E1 EGT1__mean,2.578062487112969
window_6875,exact_data/anomaly/window_6875.csv,0.832922960387788,NormAc__min,2.326673212731623,E1 FFlow__min,2.258281312025608,NormAc__mean,2.1707161242244934
window_25700,exact_data/anomaly/window_25700.csv,0.8253664648888523,E1 EGT1__std,2.771987167175861,E1 RPM__std,1.8487219159710688,E1 RPM__min,1.8437509807257706
window_6750,exact_data/anomaly/window_6750.csv,0.8251750110903461,E1 RPM__std,2.325255759238547,IAS__max,2.1994232076940716,E1 EGT1__std,2.1124910096786724
window_9050,exact_data/anomaly/window_9050.csv,0.8242038880214567,AltMSL__std,3.2854356492858092,AltMSL__max,1.727716417178483,NormAc__std,1.6251612892543459
window_7275,exact_data/anomaly/window_7275.csv,0.8135836754844209,NormAc__min,2.120187928409391,AltMSL__min,2.0836637092664443,AltMSL__mean,2.063184105096568
window_9225,exact_data/anomaly/window_9225.csv,0.8117133339766431,NormAc__std,3.0504219856394696,NormAc__min,3.049371707859434,E1 CHT1__min,1.832762316739969
window_7125,exact_data/anomaly/window_7125.csv,0.8003849736421275,E1 FFlow__min,1.9612464579696125,NormAc__mean,1.9430091418401876,E1 CHT1__min,1.813775490832568
window_9150,exact_data/anomaly/window_9150.csv,0.7995520114173023,NormAc__min,2.9461290656983183,E1 CHT1__max,2.526876121305612,E1 CHT1__mean,2.418294026095453
window_9250,exact_data/anomaly/window_9250.csv,0.7990391739074045,NormAc__std,2.4537334991830955,NormAc__min,2.326673212731623,NormAc__mean,2.113789378628417
window_10800,exact_data/anomaly/window_10800.csv,0.7945920418274232,NormAc__max,3.258207853453059,AltMSL__min,2.0234403956844433,AltMSL__mean,2.0142388557253375
window_10050,exact_data/anomaly/window_10050.csv,0.7913424740696695,E1 FFlow__min,1.9434751419149807,E1 FFlow__mean,1.7440758444237328,AltMSL__std,1.6382001270730473
window_8675,exact_data/anomaly/window_8675.csv,0.7912875782207258,NormAc__std,2.74400278395071,NormAc__max,2.6193961344334054,AltMSL__max,2.041680800468026
window_7175,exact_data/anomaly/window_7175.csv,0.7897210766598548,E1 FFlow__min,1.9257038258603485,AltMSL__max,1.8948674957314182,AltMSL__mean,1.8009180018108208
window_7150,exact_data/anomaly/window_7150.csv,0.7893631251161599,E1 FFlow__min,1.9409363824786043,E1 CHT1__min,1.748227507536563,E1 CHT1__mean,1.725529757887604
window_7425,exact_data/anomaly/window_7425.csv,0.7885240070199786,NormAc__min,2.5331584970538543,NormAc__std,2.242390218459372,AltMSL__max,2.0500136383511043
window_1775,exact_data/anomaly/window_1775.csv,0.7874000128322606,AltMSL__mean,2.3137585460337173,AltMSL__min,2.298930021644659,AltMSL__max,2.297244701305825
window_2625,exact_data/anomaly/window_2625.csv,0.7857728210643032,NormAc__min,2.9461290656983183,AltMSL__max,2.425485663980996,AltMSL__mean,2.3964319256320854
window_8525,exact_data/anomaly/window_8525.csv,0.7843492474472348,NormAc__std,2.3842506298404116,NormAc__max,2.19352165508697,AltMSL__min,2.054335097923909
window_8325,exact_data/anomaly/window_8325.csv,0.7749485931670482,AltMSL__max,2.0793198054822697,AltMSL__mean,2.0731177648608172,NormAc__std,2.055879480951835
window_7050,exact_data/anomaly/window_7050.csv,0.7720188077242944,E1 FFlow__min,2.07802939204291,E1 CHT1__min,1.988151944002804,E1 CHT1__mean,1.956806233087297
window_7450,exact_data/anomaly/window_7450.csv,0.7715745316057607,NormAc__min,2.5331584970538543,AltMSL__min,2.0675044986481055,AltMSL__max,2.0500136383511043
window_21325,exact_data/anomaly/window_21325.csv,0.771476768565369,E1 CHT1__min,2.1355564997402348,E1 CHT1__mean,2.105926550367558,E1 FFlow__min,2.062796835424654
window_7075,exact_data/anomaly/window_7075.csv,0.7709294227202164,AltMSL__std,2.8901737621253516,E1 FFlow__min,2.0424867599336456,E1 CHT1__min,1.9461259642819204
window_9800,exact_data/anomaly/window_9800.csv,0.7707469625804844,E1 FFlow__min,2.1897348072434553,E1 FFlow__mean,2.030337712180588,E1 FFlow__max,1.723117727193104
window_1425,exact_data/anomaly/window_1425.csv,0.7695507665168875,E1 CHT1__mean,2.2586603930192566,E1 CHT1__min,2.2531665176158433,E1 CHT1__max,2.207203406221809
window_7725,exact_data/anomaly/window_7725.csv,0.7688079801188169,NormAc__std,2.418986168950617,NormAc__max,2.406458894760188,AltMSL__min,2.04899615168437
window_8100,exact_data/anomaly/window_8100.csv,0.7639080306166067,AltMSL__min,2.0439419492442736,AltMSL__mean,2.000682859990919,AltMSL__max,1.9698630366791225
window_7700,exact_data/anomaly/window_7700.csv,0.7629289646890106,NormAc__std,2.4221640371877644,AltMSL__min,2.0997517339349216,AltMSL__mean,2.0713432219295718
window_2500,exact_data/anomaly/window_2500.csv,0.7612946667660218,AltMSL__max,2.3739350567382234,AltMSL__mean,2.3676469962200763,AltMSL__min,2.35516692203447
window_2525,exact_data/anomaly/window_2525.csv,0.7606763007972557,AltMSL__min,2.3169400669593707,AltMSL__mean,2.2911975128679103,AltMSL__max,2.279166680135757
window_7200,exact_data/anomaly/window_7200.csv,0.7581179943913711,AltMSL__mean,2.0095248568600472,AltMSL__max,2.007925745314539,AltMSL__min,1.9522544458239226
window_3975,exact_data/anomaly/window_3975.csv,0.7568148501598302,NormAc__max,1.7676471757405345,NormAc__std,1.6608058770481864,E1 CHT1__max,1.450363028995565
window_23475,exact_data/anomaly/window_23475.csv,0.7558597897794428,E1 EGT1__std,4.625350251048582,E1 RPM__std,2.507759118662674,E1 EGT1__min,2.0149407304510367
window_10025,exact_data/anomaly/window_10025.csv,0.7540324712469967,E1 FFlow__min,1.9840952928969968,E1 FFlow__mean,1.7730227255088156,NormAc__max,1.6611785559039254
window_8300,exact_data/anomaly/window_8300.csv,0.7504382629719831,NormAc__max,4.322894051819148,AltMSL__min,2.0082777883641523,AltMSL__mean,1.986370734112695
window_8750,exact_data/anomaly/window_8750.csv,0.747073928230897,NormAc__max,3.0452706137798415,AltMSL__min,2.0390301187038973,AltMSL__mean,2.016150447245146
window_3475,exact_data/anomaly/window_3475.csv,0.7460319709089851,NormAc__max,2.9388019939432324,AltMSL__min,2.436105347025882,AltMSL__mean,2.421188099121629
window_7875,exact_data/anomaly/window_7875.csv,0.7456728051552298,AltMSL__min,2.07497902338346,AltMSL__mean,2.062288563457498,AltMSL__max,2.031794382640645
window_9925,exact_data/anomaly/window_9925.csv,0.7450807627972611,NormAc__min,2.2234305705705073,E1 FFlow__min,1.806382132350675,E1 FFlow__mean,1.7993534161751303
window_7900,exact_data/anomaly/window_7900.csv,0.7449627067192557,NormAc__max,3.0452706137798415,AltMSL__min,2.0588909987149826,AltMSL__mean,2.0400087161889195
window_10000,exact_data/anomaly/window_10000.csv,0.7392953026447486,AltMSL__std,2.387136161923445,NormAc__mean,1.7722289050519577,E1 FFlow__mean,1.761376458483331
window_9975,exact_data/anomaly/window_9975.csv,0.7388349145582662,NormAc__max,2.087053035250361,NormAc__std,1.7648830659085093,E1 CHT1__mean,1.6512842906461869
window_2200,exact_data/anomaly/window_2200.csv,0.7352140170006326,AltMSL__min,2.506294693588356,AltMSL__mean,2.4871557283552868,AltMSL__max,2.461712323591328
window_11175,exact_data/anomaly/window_11175.csv,0.7349241694080973,NormAc__min,3.565584918665014,NormAc__std,3.135696591597111,IAS__max,1.2495323452987235
window_23425,exact_data/anomaly/window_23425.csv,0.7343947608146896,E1 EGT1__std,3.243811004997032,E1 RPM__min,1.4598452931167576,E1 RPM__mean,1.3871630667096035
window_2175,exact_data/anomaly/window_2175.csv,0.7340601468094397,AltMSL__min,2.490918528418483,AltMSL__mean,2.4698568884090295,AltMSL__max,2.4545799793015743
window_1400,exact_data/anomaly/window_1400.csv,0.733830819628799,E1 CHT1__min,2.3265551687702226,E1 CHT1__mean,2.313557764953531,E1 CHT1__max,2.25479870413174
window_21200,exact_data/anomaly/window_21200.csv,0.7328632888090025,E1 FFlow__min,2.2379712365346,E1 FFlow__mean,2.0338822282318225,E1 FFlow__max,1.6994007735792092
window_3950,exact_data/anomaly/window_3950.csv,0.7317146497722157,NormAc__min,2.8428864235372022,E1 CHT1__max,1.5283664339035086,E1 CHT1__mean,1.3944726889483747
window_8275,exact_data/anomaly/window_8275.csv,0.7274293183146547,AltMSL__min,2.0528401929768387,AltMSL__mean,2.034184151174915,AltMSL__max,2.004959819966325
window_16350,exact_data/anomaly/window_16350.csv,0.7268128517568699,E1 FFlow__mean,2.040886867094977,E1 FFlow__min,2.004405368388005,E1 FFlow__max,1.7302328132772726
window_9700,exact_data/anomaly/window_9700.csv,0.724624458278712,E1 EGT1__std,2.9539254404547104,E1 EGT1__min,1.5547641957405813,E1 CHT1__max,1.3135265475045124
window_2875,exact_data/anomaly/window_2875.csv,0.7195225675459012,NormAc__mean,2.952690979422398,AltMSL__min,2.371468504552529,AltMSL__mean,2.365711775633274
window_2800,exact_data/anomaly/window_2800.csv,0.7178456515047924,AltMSL__mean,2.3758250163066776,AltMSL__min,2.3658448145135482,AltMSL__max,2.3415217297184534
window_8825,exact_data/anomaly/window_8825.csv,0.717500608982493,NormAc__min,2.9461290656983183,AltMSL__mean,2.076241527517415,AltMSL__min,2.0736264903361104
window_7575,exact_data/anomaly/window_7575.csv,0.7167623708884288,AltMSL__min,2.0711349820909923,AltMSL__mean,2.0586331467935377,AltMSL__max,2.0471183302730855
window_7525,exact_data/anomaly/window_7525.csv,0.7165606737908876,AltMSL__min,2.049850383082697,AltMSL__max,2.0271336428077364,AltMSL__mean,2.0269938260886615
window_7475,exact_data/anomaly/window_7475.csv,0.7149852477726374,NormAc__min,2.120187928409391,AltMSL__min,2.0567554202191674,AltMSL__mean,2.0267268176316295
window_3425,exact_data/anomaly/window_3425.csv,0.7138708475764369,AltMSL__min,2.5344843297331217,AltMSL__mean,2.5298652669468185,AltMSL__max,2.4958204650957927
window_6950,exact_data/anomaly/window_6950.csv,0.710269361057783,AltMSL__std,2.5372653071782243,E1 FFlow__min,2.164347212879695,E1 FFlow__mean,1.943328282446709
window_7675,exact_data/anomaly/window_7675.csv,0.7087146953900771,AltMSL__min,2.0625926681077296,AltMSL__mean,2.031899220396602,AltMSL__max,2.01477562052351
window_9825,exact_data/anomaly/window_9825.csv,0.7073208295432352,E1 FFlow__min,2.0983394675339184,E1 CHT1__std,2.035480578597935,E1 FFlow__mean,1.9418935973783529
window_7775,exact_data/anomaly/window_7775.csv,0.7068794273081322,AltMSL__min,2.059602858213588,AltMSL__mean,2.020335155009771,AltMSL__max,1.9791845163449389
window_8225,exact_data/anomaly/window_8225.csv,0.7046122937886646,AltMSL__min,2.0897145150045886,AltMSL__mean,2.0566648455129424,AltMSL__max,2.0228966065960017
window_7975,exact_data/anomaly/window_7975.csv,0.7032682279904674,AltMSL__min,2.0133319908042493,AltMSL__mean,2.0035277996569887,AltMSL__max,1.9757948873755509
window_7650,exact_data/anomaly/window_7650.csv,0.702754175579875,AltMSL__min,2.034758961712266,AltMSL__mean,2.0046289141789058,AltMSL__max,1.9743825419716394
window_8725,exact_data/anomaly/window_8725.csv,0.7007759615975774,NormAc__min,2.326673212731623,AltMSL__mean,2.0195861135860653,AltMSL__max,2.010326732501189
window_8700,exact_data/anomaly/window_8700.csv,0.6999088603481244,NormAc__std,2.483239694639843,NormAc__min,2.326673212731623,AltMSL__min,1.9692678878405867
window_3750,exact_data/anomaly/window_3750.csv,0.699522323753291,AltMSL__max,2.087793877905739,AltMSL__mean,2.0347016277420833,AltMSL__min,1.9422884128434497
window_7300,exact_data/anomaly/window_7300.csv,0.699137467451915,AltMSL__min,2.046362271539531,AltMSL__mean,2.0257769291384746,AltMSL__max,1.9929548840330766
window_3525,exact_data/anomaly/window_3525.csv,0.6985415578407865,AltMSL__max,2.6459527815315926,AltMSL__mean,2.6049702563870314,AltMSL__min,2.585311097933534
window_9025,exact_data/anomaly/window_9025.csv,0.6973111192187657,AltMSL__std,3.082689204198978,AltMSL__max,2.0408333932256792,AltMSL__mean,1.9290938757194043
window_7025,exact_data/anomaly/window_7025.csv,0.6964904071013353,E1 FFlow__min,2.0881844297884142,E1 CHT1__min,2.02265088257965,E1 CHT1__mean,1.9836852191084862
window_3400,exact_data/anomaly/window_3400.csv,0.6960345166074263,AltMSL__max,2.483179973730784,AltMSL__min,2.472125437655306,AltMSL__mean,2.469105484078623
window_11150,exact_data/anomaly/window_11150.csv,0.6938547315513168,E1 CHT1__min,1.474914235683783,E1 CHT1__mean,1.2984375552029002,IAS__max,1.2495323452987235
window_3575,exact_data/anomaly/window_3575.csv,0.6930382035100215,AltMSL__max,2.6225078478266606,AltMSL__mean,2.620678860124597,AltMSL__min,2.612219386980811
window_6975,exact_data/anomaly/window_6975.csv,0.691314565683295,E1 FFlow__min,2.1288045807704306,E1 CHT1__min,1.9583574061409834,E1 CHT1__mean,1.9451952056175048
window_7550,exact_data/anomaly/window_7550.csv,0.6888937385897791,AltMSL__min,2.0601011598626116,AltMSL__mean,2.037336268711906,AltMSL__max,2.0271336428077364
window_3550,exact_data/anomaly/window_3550.csv,0.68774444537018,AltMSL__min,2.715225456428984,AltMSL__mean,2.6998527749011636,AltMSL__max,2.6680559871028087
window_8125,exact_data/anomaly/window_8125.csv,0.6873293571344159,AltMSL__min,2.0482131062359046,AltMSL__mean,2.0103187935110434,AltMSL__max,1.9736057519994883
window_10675,exact_data/anomaly/window_10675.csv,0.68617762033182,AltMSL__min,2.055046957422514,AltMSL__mean,2.0186858461335953,AltMSL__max,1.9775603191304403
window_9175,exact_data/anomaly/window_9175.csv,0.6860710182171881,E1 CHT1__max,2.3335202235465147,E1 CHT1__mean,2.2897154611519372,E1 CHT1__min,2.1912376512248244
window_2350,exact_data/anomaly/window_2350.csv,0.6855492606614121,AltMSL__min,2.496898148206767,AltMSL__mean,2.4837082474808723,AltMSL__max,2.4509784985216
window_21275,exact_data/anomaly/window_21275.csv,0.6852441400450069,E1 FFlow__min,2.111033264715798,E1 CHT1__mean,2.061110154619669,E1 CHT1__min,2.057777074585165
window_2700,exact_data/anomaly/window_2700.csv,0.683973708555881,AltMSL__min,2.4068479216332084,AltMSL__max,2.3838920918358,AltMSL__mean,2.3774341557689653
window_11450,exact_data/anomaly/window_11450.csv,0.682998259980104,NormAc__max,2.2999902749235788,NormAc__std,2.077114928780454,NormAc__min,1.1910041489593477
window_2675,exact_data/anomaly/window_2675.csv,0.6825363813100725,AltMSL__min,2.4068479216332084,AltMSL__max,2.3947671514459192,AltMSL__mean,2.3808745479232813
window_8000,exact_data/anomaly/window_8000.csv,0.6802771459311161,AltMSL__min,2.0545486557734907,AltMSL__mean,2.035398685218403,AltMSL__max,2.004818585425934
window_8350,exact_data/anomaly/window_8350.csv,0.6802206720761895,AltMSL__min,2.0323386394170084,AltMSL__mean,2.013418927100648,AltMSL__max,1.998745500189114
window_2150,exact_data/anomaly/window_2150.csv,0.6787587258569836,AltMSL__min,2.5622468501787248,AltMSL__mean,2.52164944035303,AltMSL__max,2.479437258410418
window_11125,exact_data/anomaly/window_11125.csv,0.6776590346016271,E1 CHT1__mean,1.8353444871191162,E1 CHT1__min,1.8268034091676049,E1 CHT1__max,1.6923057933710497
window_3925,exact_data/anomaly/window_3925.csv,0.6742416562191684,E1 CHT1__max,1.519772838447547,E1 CHT1__mean,1.3900453065112945,NormAc__max,1.2353040765574894
window_2650,exact_data/anomaly/window_2650.csv,0.673776120231993,AltMSL__mean,2.4887105209634877,AltMSL__max,2.4732229386332074,AltMSL__min,2.4644373550703693
window_3375,exact_data/anomaly/window_3375.csv,0.6729744492512926,AltMSL__min,2.472125437655306,AltMSL__mean,2.4421470815452464,AltMSL__max,2.4060659146772116
window_3025,exact_data/anomaly/window_3025.csv,0.6727309897773472,AltMSL__min,2.43446807017909,AltMSL__mean,2.4145506942030326,AltMSL__max,2.3872817208051877
window_7800,exact_data/anomaly/window_7800.csv,0.6709590921251878,AltMSL__min,2.0540503541244672,AltMSL__mean,2.009699711955803,AltMSL__max,1.9639311859826936
window_2850,exact_data/anomaly/window_2850.csv,0.6708809530766553,AltMSL__min,2.460308569978459,AltMSL__mean,2.4597082041351364,AltMSL__max,2.4355839336189637
window_7600,exact_data/anomaly/window_7600.csv,0.6707007177277882,AltMSL__min,2.0061422098683366,AltMSL__max,1.992178094060925,AltMSL__mean,1.9877483087184402
window_3700,exact_data/anomaly/window_3700.csv,0.6703117805955113,AltMSL__min,2.254154059182391,AltMSL__mean,2.2102726842270943,AltMSL__max,2.166814603254591
window_8575,exact_data/anomaly/window_8575.csv,0.6702662714535014,NormAc__min,2.5331584970538543,AltMSL__min,2.0504198706815804,AltMSL__mean,2.0094492438456673
window_3875,exact_data/anomaly/window_3875.csv,0.6696875465178386,E1 CHT1__max,1.3518672041541784,AltMSL__max,1.3340251358381319,AltMSL__mean,1.2942304666331446
window_7000,exact_data/anomaly/window_7000.csv,0.668918039343997,E1 FFlow__min,2.111033264715798,E1 CHT1__min,2.0217100024366457,E1 CHT1__mean,1.987960681559977
window_21350,exact_data/anomaly/window_21350.csv,0.6680227756805187,E1 CHT1__min,2.08788523916132,E1 CHT1__mean,2.0677295254202037,E1 CHT1__max,2.004592867202448
window_2725,exact_data/anomaly/window_2725.csv,0.6678378284947155,AltMSL__mean,2.40435947760855,AltMSL__min,2.3943903804076174,AltMSL__max,2.3898945598024244
window_8500,exact_data/anomaly/window_8500.csv,0.6673393855919739,AltMSL__min,2.0759756266815077,AltMSL__mean,2.0350796928139854,AltMSL__max,1.9897064896040797
window_3175,exact_data/anomaly/window_3175.csv,0.6664172899464874,AltMSL__min,2.4594543385801333,AltMSL__mean,2.4198648713699678,AltMSL__max,2.3772540684374155
window_7500,exact_data/anomaly/window_7500.csv,0.6663501029228963,AltMSL__min,2.049850383082697,AltMSL__mean,2.0036624853388543,AltMSL__max,1.9549627926678552
window_2775,exact_data/anomaly/window_2775.csv,0.6660432068949464,AltMSL__max,2.295832355901913,AltMSL__mean,2.2867339821127577,AltMSL__min,2.2861877366196257
window_3800,exact_data/anomaly/window_3800.csv,0.6630605707811366,AltMSL__max,1.660700627762879,AltMSL__mean,1.6506253211959179,AltMSL__min,1.6105618864934228
window_9900,exact_data/anomaly/window_9900.csv,0.6615435035909353,AltMSL__std,2.633863541877319,E1 FFlow__min,1.8292309672780591,E1 FFlow__mean,1.7574099762355204
window_2325,exact_data/anomaly/window_2325.csv,0.6596333020380497,AltMSL__min,2.497182892006209,AltMSL__mean,2.4694788233371257,AltMSL__max,2.442645660638522
window_21400,exact_data/anomaly/window_21400.csv,0.6583288874443612,NormAc__mean,2.1699482274763446,E1 CHT1__max,1.8670953399070895,E1 CHT1__mean,1.8633862933794128
window_2575,exact_data/anomaly/window_2575.csv,0.6577462186020289,AltMSL__mean,2.4080692411265976,AltMSL__min,2.400939487794785,AltMSL__max,2.3908125843149666
window_8025,exact_data/anomaly/window_8025.csv,0.6564250522186521,AltMSL__min,2.070138378792945,AltMSL__mean,2.032149688506737,AltMSL__max,2.004818585425934
window_8475,exact_data/anomaly/window_8475.csv,0.6531593819876329,AltMSL__min,2.045365668241484,AltMSL__mean,2.0270977939834354,AltMSL__max,1.9930961185734677
window_8050,exact_data/anomaly/window_8050.csv,0.652862066464801,AltMSL__min,2.0235827675841644,AltMSL__mean,1.9988421556720914,AltMSL__max,1.9781252572920052
window_4325,exact_data/anomaly/window_4325.csv,0.6527171606124303,NormAc__std,2.8547920103804953,NormAc__max,2.8323333741066232,NormAc__min,1.5007320754426958
window_7925,exact_data/anomaly/window_7925.csv,0.6521047443394216,AltMSL__min,2.0408809534002708,AltMSL__mean,2.005867077289387,AltMSL__max,1.9716990857042072
window_1550,exact_data/anomaly/window_1550.csv,0.6507038446375576,E1 CHT1__max,1.4707983802264792,E1 CHT1__mean,1.4208759296498494,E1 CHT1__min,1.3718754503346153
window_8950,exact_data/anomaly/window_8950.csv,0.6505452272744356,AltMSL__min,2.049921569032557,AltMSL__mean,2.016790794960682,AltMSL__max,1.9928842667628808
window_2300,exact_data/anomaly/window_2300.csv,0.650405247472071,AltMSL__min,2.4725525533544688,AltMSL__mean,2.429058941337306,AltMSL__max,2.3918718433679
window_3275,exact_data/anomaly/window_3275.csv,0.6489419428083609,AltMSL__min,2.3757396615441606,AltMSL__max,2.3707572795794225,AltMSL__mean,2.3686394170338247
window_2100,exact_data/anomaly/window_2100.csv,0.6473753073922373,AltMSL__max,2.4436343024212595,AltMSL__min,2.419803764507823,AltMSL__mean,2.4148342430069607
window_8850,exact_data/anomaly/window_8850.csv,0.646775375325898,AltMSL__min,2.065796035851453,AltMSL__max,2.0377968506072692,AltMSL__mean,2.03568223402233
window_8625,exact_data/anomaly/window_8625.csv,0.6435314978771496,AltMSL__min,2.0803891555728597,AltMSL__max,2.0400566032535274,AltMSL__mean,2.037697793436913
window_7400,exact_data/anomaly/window_7400.csv,0.6424986978367216,AltMSL__min,2.008135416464431,AltMSL__max,2.005454140857694,AltMSL__mean,2.0025353788432425
window_8075,exact_data/anomaly/window_8075.csv,0.6424489440885207,AltMSL__min,2.0484266640854862,AltMSL__mean,2.02345891766637,AltMSL__max,1.988505996010755
window_2125,exact_data/anomaly/window_2125.csv,0.6412444722168975,AltMSL__min,2.5507147263013206,AltMSL__mean,2.50903151857827,AltMSL__max,2.479437258410418
window_2900,exact_data/anomaly/window_2900.csv,0.6403870224731538,AltMSL__min,2.3615024715720563,AltMSL__mean,2.3247271589323004,AltMSL__max,2.2888412461525514
window_16600,exact_data/anomaly/window_16600.csv,0.6395624677826134,E1 FFlow__std,4.175093901414218,E1 RPM__std,2.324329744079055,E1 FFlow__max,1.7088875550247673
window_7950,exact_data/anomaly/window_7950.csv,0.6395193384384239,AltMSL__min,1.9948948297903741,AltMSL__mean,1.978199802746193,AltMSL__max,1.9505139046455335
window_8550,exact_data/anomaly/window_8550.csv,0.6384496461267577,AltMSL__min,2.0615248788598217,AltMSL__mean,2.0524517828679243,AltMSL__max,2.0453528985181957
window_3775,exact_data/anomaly/window_3775.csv,0.6376771315004707,AltMSL__max,1.8835687325001256,AltMSL__mean,1.8099797490029939,AltMSL__min,1.7386965962423602
window_3900,exact_data/anomaly/window_3900.csv,0.6372950105712206,AltMSL__std,1.9116477263211014,E1 CHT1__max,1.4635839450816561,E1 CHT1__mean,1.3564926925518594
window_8150,exact_data/anomaly/window_8150.csv,0.6366545161530703,AltMSL__min,2.0471453169879967,AltMSL__mean,2.016188253752337,AltMSL__max,1.9876585887684082
window_9400,exact_data/anomaly/window_9400.csv,0.6361203653090591,NormAc__max,2.512927514596796,NormAc__std,1.8723392974362663,NormAc__min,1.3974894332815797
window_3850,exact_data/anomaly/window_3850.csv,0.6335992503912454,AltMSL__mean,1.4347950603666448,AltMSL__max,1.4258982043625799,AltMSL__min,1.406400582293449
window_15350,exact_data/anomaly/window_15350.csv,0.6334058211727773,E1 FFlow__std,3.867988370213729,E1 RPM__std,1.7058479561784112,E1 FFlow__max,1.6756838199653143
window_21425,exact_data/anomaly/window_21425.csv,0.6327726544802907,E1 CHT1__max,1.6694426444200123,E1 CHT1__mean,1.5708860639885394,E1 CHT1__min,1.4339735397729372
window_2225,exact_data/anomaly/window_2225.csv,0.6319949462085367,AltMSL__min,2.507148924986682,AltMSL__mean,2.4932945599603107,AltMSL__max,2.461712323591328
window_23375,exact_data/anomaly/window_23375.csv,0.631567289041154,E1 FFlow__std,2.034795069326176,NormAc__max,1.5328800391943422,NormAc__std,1.3457705700718536
window_21375,exact_data/anomaly/window_21375.csv,0.6299500543751957,E1 CHT1__min,1.999128879004528,E1 CHT1__mean,1.9981176177391635,E1 CHT1__max,1.9566670463903628
window_6925,exact_data/anomaly/window_6925.csv,0.6295971053230712,E1 FFlow__min,2.1821185289343275,E1 FFlow__mean,1.9817272063350846,E1 CHT1__max,1.7180295110364017
window_7850,exact_data/anomaly/window_7850.csv,0.6286539889337309,AltMSL__min,2.051274102079907,AltMSL__mean,2.012159497829871,AltMSL__max,1.981867972612371
window_2250,exact_data/anomaly/window_2250.csv,0.627730200343251,AltMSL__min,2.474759317800145,AltMSL__mean,2.442744896940192,AltMSL__max,2.4071957910003414
window_2600,exact_data/anomaly/window_2600.csv,0.6267029958648368,AltMSL__min,2.3400755006640397,AltMSL__mean,2.320960685653469,AltMSL__max,2.3111563035343545
window_15375,exact_data/anomaly/window_15375.csv,0.6264763777527373,E1 FFlow__min,2.2252774393527197,E1 FFlow__mean,2.0026567296852313,E1 FFlow__max,1.6756838199653143
window_7225,exact_data/anomaly/window_7225.csv,0.6264488621329624,AltMSL__min,2.0781823911271835,AltMSL__mean,2.039517231595446,AltMSL__max,2.005454140857694
window_8425,exact_data/anomaly/window_8425.csv,0.6260377912667199,AltMSL__min,2.0622367383584272,AltMSL__mean,2.0223270853573605,AltMSL__max,1.9868817987962566
window_4000,exact_data/anomaly/window_4000.csv,0.6259312644145814,E1 CHT1__max,1.4192938761932485,IAS__min,1.3298820943407843,E1 CHT1__mean,1.2939776184831953
window_8400,exact_data/anomaly/window_8400.csv,0.625882829212015,AltMSL__min,2.05981641606317,AltMSL__mean,2.010819729731316,AltMSL__max,1.9648492104952362
window_7825,exact_data/anomaly/window_7825.csv,0.6231807378868358,AltMSL__min,2.0584638830158193,AltMSL__mean,2.0105550841809836,AltMSL__max,1.965696617737583
window_21575,exact_data/anomaly/window_21575.csv,0.6225921970851959,NormAc__max,1.1070055598479065,E1 EGT1__min,1.0774089153502615,E1 EGT1__mean,1.0643810503752087
window_3500,exact_data/anomaly/window_3500.csv,0.6224972650179961,AltMSL__min,2.5113488960284527,AltMSL__mean,2.4983818980841033,AltMSL__max,2.4896061453185814
window_17350,exact_data/anomaly/window_17350.csv,0.6221800201668115,E1 FFlow__min,2.2176611610435915,E1 FFlow__mean,1.9999561460271476,AltMSL__std,1.8467296266569002
window_9950,exact_data/anomaly/window_9950.csv,0.6216411637544288,E1 CHT1__min,1.6748388563821839,E1 CHT1__mean,1.6670731177195994,E1 CHT1__max,1.6003633578701821
window_8175,exact_data/anomaly/window_8175.csv,0.6208208316763555,AltMSL__min,2.0662943375004765,AltMSL__mean,2.0316440264730677,AltMSL__max,1.9876585887684082
window_8450,exact_data/anomaly/window_8450.csv,0.6207070450704142,AltMSL__min,2.036538610458779,AltMSL__mean,2.0158290919340294,AltMSL__max,1.988647230551146
window_2825,exact_data/anomaly/window_2825.csv,0.6193520144069061,AltMSL__min,2.4346816280286716,AltMSL__mean,2.4274734309420136,AltMSL__max,2.422943442253955
window_8775,exact_data/anomaly/window_8775.csv,0.6181167404735354,AltMSL__min,2.053907982224746,AltMSL__mean,2.027383705694061,NormAc__min,2.016945286248275
window_9675,exact_data/anomaly/window_9675.csv,0.6146226855781405,NormAc__min,2.326673212731623,NormAc__std,2.235302389531378,E1 CHT1__max,1.2953477878861352
window_8200,exact_data/anomaly/window_8200.csv,0.6134678468919821,AltMSL__min,2.0662943375004765,AltMSL__mean,2.027768859486063,AltMSL__max,1.994579081247575
window_8925,exact_data/anomaly/window_8925.csv,0.6117722659058896,AltMSL__min,2.0647994325534063,AltMSL__mean,2.0349072006249305,AltMSL__max,2.0051716717769117
window_8900,exact_data/anomaly/window_8900.csv,0.6114653125368564,AltMSL__min,2.0586062549155404,AltMSL__mean,2.0305972588052366,AltMSL__max,1.994932167598553
window_11100,exact_data/anomaly/window_11100.csv,0.6112426688131447,E1 CHT1__mean,1.9779322450191763,E1 CHT1__max,1.959368298310109,E1 CHT1__min,1.840602984598343
window_3100,exact_data/anomaly/window_3100.csv,0.6111754955891057,AltMSL__mean,2.3655700012313114,AltMSL__max,2.348512839467815,AltMSL__min,2.3408585461125053
window_22550,exact_data/anomaly/window_22550.csv,0.6100381546418422,NormAc__mean,2.2268749730724218,AltMSL__mean,1.0994844222825568,AltMSL__max,1.0989402433570508
window_7750,exact_data/anomaly/window_7750.csv,0.6098442899192831,AltMSL__min,2.061738436709404,AltMSL__mean,2.026464534987998,AltMSL__max,1.981444268991197
window_16625,exact_data/anomaly/window_16625.csv,0.6091944121560444,E1 FFlow__min,2.2278161987890956,E1 FFlow__mean,2.017003580368801,AltMSL__std,1.719552375874077
window_8975,exact_data/anomaly/window_8975.csv,0.6077600667344797,AltMSL__min,2.0880060522079353,AltMSL__mean,2.0489759471131164,AltMSL__max,2.0130808060388166
window_3825,exact_data/anomaly/window_3825.csv,0.6045537791712347,AltMSL__max,1.5424167001852847,AltMSL__min,1.5234302838641456,AltMSL__mean,1.5225983104093967
window_8375,exact_data/anomaly/window_8375.csv,0.6040928398165281,AltMSL__min,2.051274102079907,AltMSL__mean,2.006571223485807,AltMSL__max,1.9591292116093948
window_21600,exact_data/anomaly/window_21600.csv,0.6025854464673132,E1 EGT1__min,1.0859646543754233,E1 EGT1__mean,1.0741758434355162,IAS__min,1.0704186909045883
window_18075,exact_data/anomaly/window_18075.csv,0.601934998067511,E1 FFlow__min,2.2278161987890956,E1 FFlow__mean,2.041815192727443,E1 FFlow__max,1.718374336470325
window_18600,exact_data/anomaly/window_18600.csv,0.601045361184436,E1 FFlow__min,2.245587514843728,E1 FFlow__mean,2.026540016411408,E1 FFlow__max,1.6899139921336515
window_4025,exact_data/anomaly/window_4025.csv,0.6001260203178443,E1 CHT1__max,1.3525282499584823,E1 CHT1__mean,1.2587972903924822,IAS__min,1.1447561040572152
window_10700,exact_data/anomaly/window_10700.csv,0.5995865540713894,AltMSL__min,2.0296335733223083,AltMSL__max,2.0064427826404323,AltMSL__mean,2.0019706441420886
window_2075,exact_data/anomaly/window_2075.csv,0.5990096305841478,AltMSL__min,2.38250232678091,AltMSL__mean,2.3617964392323803,AltMSL__max,2.323161239467603
window_7625,exact_data/anomaly/window_7625.csv,0.5983026385478644,AltMSL__min,2.010413366859968,AltMSL__mean,1.9775878099110498,AltMSL__max,1.9447232884894963
window_1575,exact_data/anomaly/window_1575.csv,0.5981098068469938,E1 CHT1__min,1.2414067371712727,E1 CHT1__mean,1.2340251988065405,E1 CHT1__max,1.2245588181230147
window_2750,exact_data/anomaly/window_2750.csv,0.5971368359985886,AltMSL__mean,2.3100062501950815,AltMSL__max,2.3043770455955785,AltMSL__min,2.2992147654441006
window_2925,exact_data/anomaly/window_2925.csv,0.5969727686969815,AltMSL__min,2.357729616229449,AltMSL__mean,2.3282360753808993,AltMSL__max,2.2942081586874155
window_3000,exact_data/anomaly/window_3000.csv,0.596493630644538,AltMSL__min,2.414607190168005,AltMSL__mean,2.410531389907365,AltMSL__max,2.3872817208051877
window_17850,exact_data/anomaly/window_17850.csv,0.5957215138307772,E1 FFlow__min,2.240509995970976,E1 FFlow__mean,2.0242613989499003,E1 FFlow__max,1.6946573828564302
window_21550,exact_data/anomaly/window_21550.csv,0.5952923541677293,E1 EGT1__min,1.056141792630575,E1 EGT1__mean,1.0394461944831235,AltMSL__min,1.0390098950633013
window_9850,exact_data/anomaly/window_9850.csv,0.5931323792533264,E1 FFlow__min,2.0881844297884142,E1 FFlow__mean,1.9339606328827317,E1 FFlow__max,1.6353649988216932
window_11350,exact_data/anomaly/window_11350.csv,0.5929007627712984,NormAc__min,1.5007320754426958,NormAc__std,1.475797012423384,E1 EGT1__min,1.0117130621213453
window_23625,exact_data/anomaly/window_23625.csv,0.5911772042307456,IAS__std,1.226497378725259,E1 EGT1__max,1.0345421699608706,E1 FFlow__max,0.9665469069098589
window_16650,exact_data/anomaly/window_16650.csv,0.5904511434847727,E1 FFlow__min,2.192273566679831,E1 FFlow__mean,1.979195409155631,AltMSL__std,1.7359979501714464
window_9875,exact_data/anomaly/window_9875.csv,0.5877239590748463,AltMSL__std,2.309794007299847,E1 FFlow__min,2.0983394675339184,E1 FFlow__mean,1.910668098831761
window_18625,exact_data/anomaly/window_18625.csv,0.5869053461498007,E1 FFlow__min,2.1871960478070793,E1 FFlow__mean,1.9894069911127596,E1 FFlow__max,1.6780555153267038
window_11425,exact_data/anomaly/window_11425.csv,0.5863316829705814,NormAc__max,1.2353040765574894,E1 EGT1__min,1.0137908844560266,E1 RPM__min,0.9850444070165599
window_25650,exact_data/anomaly/window_25650.csv,0.5863040530487862,NormAc__mean,2.0276313634861536,E1 CHT1__min,1.3472681629494558,NormAc__min,1.2868192629074335
window_25225,exact_data/anomaly/window_25225.csv,0.5855999247271025,NormAc__std,1.4825936650239198,NormAc__max,1.2134741796845157,NormAc__min,1.1835766207463179
window_22500,exact_data/anomaly/window_22500.csv,0.5850612049480126,NormAc__max,1.6611785559039254,AltMSL__min,1.081579093079893,AltMSL__mean,1.048450363389063
window_22850,exact_data/anomaly/window_22850.csv,0.5847190711886008,NormAc__mean,2.1699482274763446,NormAc__min,1.3900619050685494,AltMSL__min,1.0382980355646962
window_16400,exact_data/anomaly/window_16400.csv,0.5840073204114237,E1 FFlow__min,2.1846572883707034,E1 FFlow__mean,1.9853561156256339,E1 FFlow__max,1.6756838199653143
window_15425,exact_data/anomaly/window_15425.csv,0.5839761365848412,NormAc__mean,2.0133996770871345,E1 FFlow__mean,1.9042542126438133,E1 FFlow__max,1.6401083895444721
window_22300,exact_data/anomaly/window_22300.csv,0.5831962884890469,AltMSL__min,1.1010840433416758,NormAc__min,1.0877615067982322,E1 EGT1__min,1.068914288746708
window_11375,exact_data/anomaly/window_11375.csv,0.5825021970807865,NormAc__min,1.1910041489593477,NormAc__max,1.128835456720881,NormAc__std,1.0920339739111422
window_25175,exact_data/anomaly/window_25175.csv,0.5793498540020761,NormAc__std,1.344960811099745,NormAc__max,1.3199427995211244,IAS__min,1.107443888961302
window_4125,exact_data/anomaly/window_4125.csv,0.5792186487580193,NormAc__max,2.19352165508697,IAS__min,1.2612850219721439,IAS__max,1.2002004469384295
window_4100,exact_data/anomaly/window_4100.csv,0.5791719571366193,NormAc__max,2.19352165508697,IAS__max,1.2002004469384295,IAS__min,1.1312663032148464
window_3725,exact_data/anomaly/window_3725.csv,0.5789876048293181,AltMSL__mean,2.18166260991084,AltMSL__min,2.1777715349820523,AltMSL__max,2.166814603254591
window_25200,exact_data/anomaly/window_25200.csv,0.5782009832221626,NormAc__std,1.5145380920954654,NormAc__min,1.2868192629074335,IAS__min,1.1137582638236874
window_4050,exact_data/anomaly/window_4050.csv,0.573628338856725,IAS__min,1.1972802222306933,E1 CHT1__max,1.1347136574401162,E1 CHT1__mean,1.1287754855858985
window_21925,exact_data/anomaly/window_21925.csv,0.5719315903681911,IAS__min,1.0781681509629701,E1 EGT1__min,1.0742310694266304,AltMSL__min,1.0705452708515122
window_15400,exact_data/anomaly/window_15400.csv,0.5692293418790945,E1 FFlow__min,2.2049673638617118,E1 FFlow__mean,1.9927827206853637,E1 FFlow__max,1.6661970385197566
window_25375,exact_data/anomaly/window_25375.csv,0.5669901009614821,NormAc__min,1.1835766207463179,IAS__min,1.166282381997165,IAS__mean,1.0738655071408347
window_22275,exact_data/anomaly/window_22275.csv,0.5668329682898439,E1 EGT1__min,1.068914288746708,AltMSL__min,1.0667724155089044,E1 EGT1__mean,1.0525002390115559
window_22025,exact_data/anomaly/window_22025.csv,0.5651229627222853,AltMSL__min,1.0624300725674127,E1 EGT1__min,1.0610918987808464,E1 EGT1__mean,1.0403930569335342
window_21500,exact_data/anomaly/window_21500.csv,0.5648953387918074,NormAc__min,1.0803339785852017,AltMSL__min,1.0298269075312942,E1 EGT1__min,0.9939293474333311
window_25150,exact_data/anomaly/window_25150.csv,0.5619216339569931,NormAc__std,1.1474878404427016,IAS__min,1.107156871922103,NormAc__max,1.1070055598479065
window_21650,exact_data/anomaly/window_21650.csv,0.5548603906177829,NormAc__min,1.0803339785852017,AltMSL__min,1.0303252091803181,E1 EGT1__min,1.0246077830806946
window_25325,exact_data/anomaly/window_25325.csv,0.5538994292060592,IAS__min,1.1484873255668067,NormAc__min,1.0803339785852017,NormAc__std,1.0332735789432952
window_21450,exact_data/anomaly/window_21450.csv,0.5537975947030197,E1 CHT1__max,1.3197494139428776,E1 CHT1__mean,1.213852395006215,E1 CHT1__min,1.1015292225778828
window_24950,exact_data/anomaly/window_24950.csv,0.5513111701031577,E1 CHT1__max,1.5937528998271364,E1 CHT1__mean,1.5907875821003168,E1 CHT1__min,1.5271206739304184
window_25275,exact_data/anomaly/window_25275.csv,0.5508939040163133,IAS__min,1.1421729507044214,IAS__mean,1.0203006690272132,NormAc__max,1.0005369400112978
window_9625,exact_data/anomaly/window_9625.csv,0.548688815194962,NormAc__std,1.5364367987930085,E1 CHT1__max,1.1793342492306778,E1 CHT1__mean,1.0649256859295855
window_23525,exact_data/anomaly/window_23525.csv,0.5485971156631737,E1 FFlow__std,1.5862610008026536,AltMSL__min,0.9489596684897427,AltMSL__mean,0.9248797946375976
window_22075,exact_data/anomaly/window_22075.csv,0.5480014141244569,NormAc__mean,1.0464128987019814,E1 EGT1__min,1.0403136754340272,E1 EGT1__mean,1.0387962914644573
window_8800,exact_data/anomaly/window_8800.csv,0.5470234770212143,AltMSL__min,2.0634468995060558,AltMSL__mean,2.0261809861840705,AltMSL__max,1.9939435258158145
window_9275,exact_data/anomaly/window_9275.csv,0.5468465914075606,NormAc__std,1.4280753980228087,NormAc__max,1.128835456720881,E1 CHT1__max,1.0712532602268736
window_21475,exact_data/anomaly/window_21475.csv,0.5464437901626475,AltMSL__min,1.028972676132968,AltMSL__mean,0.9926432329627954,E1 EGT1__mean,0.97417840593466
window_4075,exact_data/anomaly/window_4075.csv,0.5451460183672664,IAS__min,1.1117491445492922,E1 EGT1__min,1.0738032824753727,E1 EGT1__mean,1.0588069757956615
window_22050,exact_data/anomaly/window_22050.csv,0.5445233632458832,E1 EGT1__min,1.0692198508547506,E1 EGT1__mean,1.0492726307615698,AltMSL__min,1.0271218414365946
window_21625,exact_data/anomaly/window_21625.csv,0.5440551790533019,E1 EGT1__min,1.0582196149652565,E1 EGT1__mean,1.037094859966161,AltMSL__min,1.0303252091803181
window_23600,exact_data/anomaly/window_23600.csv,0.543929882563793,E1 FFlow__std,2.1402185196405044,E1 RPM__std,1.1191887849075495,AltMSL__min,0.9812780897264192
window_21900,exact_data/anomaly/window_21900.csv,0.5432622515706459,AltMSL__min,1.0699045973027674,E1 EGT1__min,1.06671424156881,E1 EGT1__mean,1.0450519122808075
window_9650,exact_data/anomaly/window_9650.csv,0.5418783346093551,E1 FFlow__std,1.5749746431884404,E1 RPM__std,1.3150728000110663,NormAc__std,1.246953392510999
window_25400,exact_data/anomaly/window_25400.csv,0.5416450440319208,IAS__min,1.2343054202874069,IAS__mean,1.1009660758840647,E1 RPM__min,1.0356207018024324
window_8600,exact_data/anomaly/window_8600.csv,0.541167900093962,AltMSL__min,2.051416473979628,AltMSL__mean,2.0114293596597586,AltMSL__max,1.9758655046457467
window_22325,exact_data/anomaly/window_22325.csv,0.5406296660999479,AltMSL__min,1.071470688199699,E1 EGT1__min,1.0697087502276166,AltMSL__mean,1.0587597253185153
window_21950,exact_data/anomaly/window_21950.csv,0.5400599568282045,E1 EGT1__min,1.065736442823077,E1 EGT1__mean,1.0402640499672813,IAS__min,1.0173205386527118
window_21975,exact_data/anomaly/window_21975.csv,0.5397961686599901,E1 EGT1__min,1.065736442823077,E1 EGT1__mean,1.0522763023908936,IAS__min,1.0509015322390336
window_4175,exact_data/anomaly/window_4175.csv,0.53821127928618,NormAc__min,1.5007320754426958,IAS__min,1.1708746546243547,IAS__mean,1.143665620161464
window_9200,exact_data/anomaly/window_9200.csv,0.5372374977772931,E1 CHT1__max,2.139503279983113,E1 CHT1__mean,2.108030009818552,E1 CHT1__min,2.006197889767199
window_2950,exact_data/anomaly/window_2950.csv,0.5372021425245967,AltMSL__min,2.364278723616617,AltMSL__mean,2.341265142921354,AltMSL__max,2.301905441138733
window_21850,exact_data/anomaly/window_21850.csv,0.532937859086546,AltMSL__min,1.0597961924225736,E1 EGT1__min,1.036158030764663,E1 EGT1__mean,1.0287532208464656
window_21875,exact_data/anomaly/window_21875.csv,0.5320363287407296,AltMSL__min,1.0699045973027674,E1 EGT1__min,1.0559584553657502,E1 EGT1__mean,1.0354591489978417
window_25300,exact_data/anomaly/window_25300.csv,0.5319621984379589,IAS__min,1.1157673830980828,IAS__mean,1.0132724532272084,E1 RPM__min,0.9899439855739419
window_22000,exact_data/anomaly/window_22000.csv,0.5317336929470838,E1 EGT1__min,1.0755144302804047,E1 EGT1__mean,1.0610487760959948,AltMSL__min,1.0553114775813608
window_4350,exact_data/anomaly/window_4350.csv,0.5307405517855377,NormAc__min,2.2234305705705073,NormAc__std,2.221788479956572,NormAc__max,1.3417726963940984
window_22250,exact_data/anomaly/window_22250.csv,0.5305228873312995,AltMSL__min,1.0390098950633013,E1 EGT1__min,1.0232021973837038,AltMSL__mean,1.015166459621411
window_22875,exact_data/anomaly/window_22875.csv,0.5248821758385908,AltMSL__min,1.042498006606467,E1 EGT1__min,1.0134242099263773,AltMSL__mean,1.0092710074064255
window_21800,exact_data/anomaly/window_21800.csv,0.5245447048226117,NormAc__min,1.0877615067982322,AltMSL__min,1.0410742876092567,E1 EGT1__min,1.002546198880101
window_22975,exact_data/anomaly/window_22975.csv,0.5224445162154777,E1 RPM__std,1.143274712893389,NormAc__max,1.1070055598479065,AltMSL__max,1.0679392617411916
window_25000,exact_data/anomaly/window_25000.csv,0.5218035149422677,IAS__min,1.2113440571514604,E1 CHT1__max,1.164073127029144,E1 CHT1__mean,1.1606044400583064
window_11400,exact_data/anomaly/window_11400.csv,0.5188426214906205,E1 EGT1__min,0.9990016784268204,E1 EGT1__mean,0.9823277516518334,E1 EGT1__max,0.937090647370843
window_22600,exact_data/anomaly/window_22600.csv,0.51749353072444,IAS__min,1.024208947593496,E1 EGT1__min,1.0233855346485299,E1 EGT1__mean,1.0064082406542203
window_17675,exact_data/anomaly/window_17675.csv,0.5157939643991839,NormAc__max,2.087053035250361,NormAc__mean,1.913777872294,E1 FFlow__max,1.1513770508109495
window_4400,exact_data/anomaly/window_4400.csv,0.513623186106987,NormAc__min,2.5331584970538543,NormAc__std,2.2443308398636304,NormAc__max,1.8741157955771428
window_25675,exact_data/anomaly/window_25675.csv,0.5135940718441685,E1 CHT1__mean,1.635005431841272,E1 CHT1__max,1.6067003617136042,E1 CHT1__min,1.5345033114074258
window_22800,exact_data/anomaly/window_22800.csv,0.5122599174201049,AltMSL__min,1.0359488992192991,E1 EGT1__min,0.9976572051514377,AltMSL__mean,0.9936285650564423
window_22125,exact_data/anomaly/window_22125.csv,0.5121885310181378,E1 EGT1__min,1.056691804425049,E1 EGT1__mean,1.0442462272651614,AltMSL__min,1.0442064694031195
window_23000,exact_data/anomaly/window_23000.csv,0.5119347979222885,E1 FFlow__std,1.4615577482795672,NormAc__mean,1.1602663898941346,AltMSL__min,1.1476396545504561
window_8875,exact_data/anomaly/window_8875.csv,0.5109262106028929,AltMSL__min,2.0544774698236306,AltMSL__mean,2.0230288686470805,AltMSL__max,1.9985336483785272
window_23550,exact_data/anomaly/window_23550.csv,0.5108761326989231,AltMSL__min,0.9916712384060551,NormAc__std,0.9857853401654209,AltMSL__mean,0.9724167516159902
window_22150,exact_data/anomaly/window_22150.csv,0.5106337071559476,E1 EGT1__min,1.0739866197401973,E1 EGT1__mean,1.062915725966091,AltMSL__min,1.0226371265953815
window_22225,exact_data/anomaly/window_22225.csv,0.5090022974108731,E1 EGT1__min,1.0315134867224325,E1 EGT1__mean,1.015643192162866,AltMSL__min,0.9915288665063342
window_22650,exact_data/anomaly/window_22650.csv,0.5089778804145367,AltMSL__min,1.0400064983613488,AltMSL__mean,0.9978085470076687,E1 EGT1__min,0.9900181524504009
window_21750,exact_data/anomaly/window_21750.csv,0.5082912409475969,E1 EGT1__min,1.0092685652570128,E1 EGT1__mean,0.9908811569236775,AltMSL__min,0.9894644739603791
window_22900,exact_data/anomaly/window_22900.csv,0.5080458209951134,E1 EGT1__min,1.0014461752911514,E1 EGT1__mean,0.975322429975006,AltMSL__mean,0.9744346739372713
window_22175,exact_data/anomaly/window_22175.csv,0.5073467324035638,E1 EGT1__min,1.067630927892935,E1 EGT1__mean,1.046200804508557,E1 EGT1__max,0.976321132105803
window_23150,exact_data/anomaly/window_23150.csv,0.5073288545859601,NormAc__max,1.2353040765574894,E1 FFlow__mean,1.0599739250601334,AltMSL__mean,1.0148356526834958
window_23025,exact_data/anomaly/window_23025.csv,0.5061529562584131,IAS__std,1.9019323339779985,E1 FFlow__std,1.30144802368822,AltMSL__min,1.1099822870742408
window_23125,exact_data/anomaly/window_23125.csv,0.5051717963115541,NormAc__max,1.2353040765574894,E1 RPM__std,1.172846081602062,AltMSL__mean,1.0190770702089071
window_22200,exact_data/anomaly/window_22200.csv,0.5050895894129611,E1 EGT1__min,1.0615807981537138,E1 EGT1__mean,1.0457675358294494,E1 EGT1__max,0.9776538025001972
window_21700,exact_data/anomaly/window_21700.csv,0.5050791909401214,AltMSL__min,0.9888238004116343,E1 EGT1__min,0.9746789346267192,E1 EGT1__mean,0.9587340813900228
window_2975,exact_data/anomaly/window_2975.csv,0.503515432827257,AltMSL__min,2.3909022688644512,AltMSL__mean,2.3589940318869,AltMSL__max,2.3237967948993625
window_4200,exact_data/anomaly/window_4200.csv,0.5021654061700228,IAS__min,1.2343054202874069,NormAc__min,1.1910041489593477,IAS__mean,1.1603058128511885
window_21825,exact_data/anomaly/window_21825.csv,0.5017990393717306,AltMSL__min,1.0410742876092567,E1 EGT1__min,1.0254633569832114,AltMSL__mean,1.0024965538992647
window_21525,exact_data/anomaly/window_21525.csv,0.5009591172321292,AltMSL__min,1.0299692794310153,AltMSL__mean,0.9917146106299339,E1 EGT1__min,0.9789568041393001
window_22100,exact_data/anomaly/window_22100.csv,0.49941281634928036,E1 EGT1__min,1.0403136754340272,E1 EGT1__mean,1.0138297923542334,AltMSL__min,1.0105355151190931
window_22775,exact_data/anomaly/window_22775.csv,0.49645054817184747,AltMSL__min,1.0359488992192991,AltMSL__mean,1.0034062729785311,E1 EGT1__min,0.9975349803082213
window_4300,exact_data/anomaly/window_4300.csv,0.495028346875754,NormAc__std,1.3825422865230352,IAS__min,1.0368376973182665,IAS__mean,1.0159911869111609
window_23200,exact_data/anomaly/window_23200.csv,0.49420566992837645,AltMSL__min,1.0260540521886867,AltMSL__mean,0.9933899114798036,AltMSL__max,0.9484548405702726
window_5450,exact_data/anomaly/window_5450.csv,0.4912885636880813,NormAc__max,2.512927514596796,NormAc__std,1.9728086535439253,NormAc__min,0.8812762224760003
window_16575,exact_data/anomaly/window_16575.csv,0.4899896501497307,NormAc__mean,1.7572293219047899,E1 FFlow__max,0.9877300708750753,E1 FFlow__mean,0.920556293711571
window_9550,exact_data/anomaly/window_9550.csv,0.48969621367123345,NormAc__min,2.016945286248275,E1 FFlow__max,1.0233055012959174,E1 FFlow__mean,1.0106882733001092
window_23350,exact_data/anomaly/window_23350.csv,0.48962098314257524,E1 FFlow__std,1.298501139452369,AltMSL__min,1.0576606139267581,AltMSL__mean,1.0256034185126313
window_21725,exact_data/anomaly/window_21725.csv,0.48811241901119423,AltMSL__min,0.9900339615592633,E1 EGT1__min,0.962884237256318,AltMSL__mean,0.9530149247072722
window_15325,exact_data/anomaly/window_15325.csv,0.487101274360515,NormAc__mean,1.2448886115401006,E1 FFlow__max,0.942667859008675,E1 FFlow__mean,0.915155126395404
window_25025,exact_data/anomaly/window_25025.csv,0.48600610478717926,E1 CHT1__max,0.9793108247260062,NormAc__min,0.977091336424086,NormAc__std,0.974585496523049
window_4375,exact_data/anomaly/window_4375.csv,0.48511377804743644,NormAc__min,2.5331584970538543,NormAc__std,1.4651355896636973,IAS__min,1.0127282660255226
window_9425,exact_data/anomaly/window_9425.csv,0.4787530479203526,NormAc__min,1.3974894332815797,NormAc__std,1.3757744981046434,IAS__min,0.9708237783024202
window_23250,exact_data/anomaly/window_23250.csv,0.47860051927797304,NormAc__min,1.1835766207463179,NormAc__std,1.1717102500064096,AltMSL__min,0.9967966267960128
window_23100,exact_data/anomaly/window_23100.csv,0.47678089592760586,NormAc__mean,1.1025717475499093,AltMSL__min,0.9954440937486628,AltMSL__mean,0.9578966899482183
window_23225,exact_data/anomaly/window_23225.csv,0.47544679214297636,NormAc__max,1.1070055598479065,NormAc__std,1.0472835785387256,AltMSL__min,1.000284738339178
window_15525,exact_data/anomaly/window_15525.csv,0.4752382337540805,E1 FFlow__max,1.227271302375413,NormAc__mean,1.159498493145986,E1 FFlow__mean,1.0733080568719209
window_21675,exact_data/anomaly/window_21675.csv,0.47424296809106287,E1 EGT1__min,1.0097574646298801,E1 EGT1__mean,1.000729500045449,AltMSL__min,0.9748713542389723
window_17700,exact_data/anomaly/window_17700.csv,0.4740393571594185,NormAc__max,2.087053035250361,AltMSL__std,1.2056357145308925,E1 FFlow__max,0.9450395543700644
window_21775,exact_data/anomaly/window_21775.csv,0.4729272606235974,AltMSL__min,1.0079728209241143,E1 EGT1__min,1.001385062869543,E1 EGT1__mean,0.9809597909908285
window_4150,exact_data/anomaly/window_4150.csv,0.47084544628328845,IAS__min,1.1708746546243547,IAS__mean,1.1152346072750223,E1 EGT1__mean,1.1150880903931704
window_15725,exact_data/anomaly/window_15725.csv,0.4704216584129124,E1 FFlow__max,1.5191519261136084,E1 FFlow__std,1.4807541098125425,E1 CHT1__max,1.0083968401154086
window_17950,exact_data/anomaly/window_17950.csv,0.46573398891506423,E1 FFlow__max,1.1300317925584442,E1 FFlow__mean,1.0185368445564142,NormAc__mean,0.9744865699587373
window_23050,exact_data/anomaly/window_23050.csv,0.4654781038393533,E1 EGT1__mean,1.0650333874875781,AltMSL__mean,1.0404684645585127,AltMSL__min,1.0377997339156726
window_23075,exact_data/anomaly/window_23075.csv,0.464922618280903,NormAc__mean,1.999167990688115,NormAc__max,1.022366836884272,AltMSL__min,0.9958712094478259
window_17750,exact_data/anomaly/window_17750.csv,0.4611997066426719,E1 CHT1__max,1.044150382250385,NormAc__max,1.0005369400112978,E1 CHT1__mean,0.9236726536171761
window_15575,exact_data/anomaly/window_15575.csv,0.458109387582427,E1 FFlow__max,0.9853583755136857,NormAc__max,0.8940683201746888,AltMSL__min,0.8590922720176245
window_18700,exact_data/anomaly/window_18700.csv,0.4551828013712718,E1 CHT1__mean,1.1918022942411552,E1 CHT1__max,1.1882012988862607,E1 CHT1__min,1.1225422124383253
window_4225,exact_data/anomaly/window_4225.csv,0.4540882779598596,NormAc__min,1.1910041489593477,IAS__min,1.1137582638236874,IAS__mean,1.054901857650285
window_15450,exact_data/anomaly/window_15450.csv,0.4534730119829973,E1 FFlow__std,1.7141016912573523,E1 FFlow__max,1.46697462816304,E1 CHT1__max,0.9426227825871021
window_16675,exact_data/anomaly/window_16675.csv,0.4491730661608526,E1 FFlow__std,2.1109212530207833,E1 FFlow__max,1.6353649988216932,E1 RPM__max,0.7875885182212463
window_15775,exact_data/anomaly/window_15775.csv,0.4487043405730121,NormAc__std,1.120629038254683,NormAc__max,1.1070055598479065,NormAc__min,1.0803339785852017
window_15275,exact_data/anomaly/window_15275.csv,0.4474230650977774,E1 FFlow__max,1.2462448652665288,E1 FFlow__mean,1.1583764421015526,E1 FFlow__min,0.9278617806263081
window_23400,exact_data/anomaly/window_23400.csv,0.44590166716841745,AltMSL__min,1.27392352960302,AltMSL__mean,1.2484373347989046,AltMSL__max,1.2328305876478678
window_16425,exact_data/anomaly/window_16425.csv,0.44439835260432947,E1 FFlow__std,1.8887629064212557,E1 FFlow__max,1.6306216080989144,NormAc__mean,1.0883400611508902
window_23500,exact_data/anomaly/window_23500.csv,0.43861165194577384,AltMSL__min,0.9489596684897427,AltMSL__mean,0.9294000351535376,AltMSL__max,0.8954918879235887
window_17250,exact_data/anomaly/window_17250.csv,0.43650143159817734,E1 CHT1__mean,0.9285015388733019,E1 FFlow__mean,0.9192903951218441,E1 CHT1__max,0.9073139007593326
window_23275,exact_data/anomaly/window_23275.csv,0.4361108637936056,NormAc__min,1.0803339785852017,AltMSL__min,1.0066202878767645,AltMSL__mean,0.9808286994658293
window_15750,exact_data/anomaly/window_15750.csv,0.4356774571494768,E1 CHT1__min,1.1328918940113784,E1 CHT1__mean,1.099760485831085,E1 CHT1__max,1.01699043557137
window_17975,exact_data/anomaly/window_17975.csv,0.4338968029002432,E1 FFlow__max,1.1205450111128863,E1 FFlow__mean,0.9711078440613221,AltMSL__std,0.9570102570272061
window_24625,exact_data/anomaly/window_24625.csv,0.4338500055567747,E1 CHT1__max,1.1845655469625869,E1 CHT1__mean,1.1277788717441741,E1 CHT1__min,1.0359812392818777
window_23175,exact_data/anomaly/window_23175.csv,0.43155326573273634,AltMSL__min,1.013667696912956,AltMSL__mean,0.982633960184166,AltMSL__max,0.9477486678683169
window_23300,exact_data/anomaly/window_23300.csv,0.4290724051780204,AltMSL__min,1.0501149032415427,AltMSL__mean,1.0456030608162947,AltMSL__max,1.0220380361140655
window_4250,exact_data/anomaly/window_4250.csv,0.427820087198004,IAS__min,0.9811563917135961,E1 RPM__min,0.9766677081926503,E1 RPM__mean,0.9349956750996302
window_24600,exact_data/anomaly/window_24600.csv,0.4262883413465483,E1 CHT1__min,1.3235769363270313,E1 CHT1__mean,1.3104843572664913,E1 CHT1__max,1.23678816550265
window_17725,exact_data/anomaly/window_17725.csv,0.4256423074602984,E1 CHT1__max,0.9291284123013853,E1 CHT1__mean,0.8886767997946735,E1 CHT1__min,0.7780356764315108
window_16250,exact_data/anomaly/window_16250.csv,0.4249805059724769,NormAc__mean,1.4725955939244066,E1 FFlow__max,1.2201562162912445,E1 FFlow__mean,1.0668941706839727
window_23325,exact_data/anomaly/window_23325.csv,0.4248076447510091,AltMSL__min,1.0713283162999778,AltMSL__mean,1.0418885714848485,AltMSL__max,1.0220380361140655
window_15475,exact_data/anomaly/window_15475.csv,0.42116582872206004,E1 CHT1__min,1.0817707395747806,E1 CHT1__mean,1.0415751313516248,E1 CHT1__max,0.9574963131839553
window_25550,exact_data/anomaly/window_25550.csv,0.42061269453708783,NormAc__max,1.1070055598479065,NormAc__std,1.0637837316160412,IAS__min,0.9363817335985002
window_9525,exact_data/anomaly/window_9525.csv,0.4205408501570711,E1 FFlow__std,1.4014962352662912,AltMSL__std,0.906461688411043,NormAc__std,0.815650143165004
window_15500,exact_data/anomaly/window_15500.csv,0.4132262788932281,E1 FFlow__std,0.9387912321676665,E1 CHT1__max,0.9135367671976978,E1 RPM__std,0.9063626403381706
window_15300,exact_data/anomaly/window_15300.csv,0.4089491861694894,E1 FFlow__max,1.0636243224395385,NormAc__mean,1.0598766883528516,E1 FFlow__mean,0.9668037888562514
window_25575,exact_data/anomaly/window_25575.csv,0.40750964896534037,NormAc__max,1.3199427995211244,NormAc__std,1.1654344122884195,IAS__min,1.0078489763591338
window_18675,exact_data/anomaly/window_18675.csv,0.40723378141072764,E1 CHT1__mean,1.2332655988786092,E1 CHT1__max,1.1885318217884147,E1 CHT1__min,1.1871493155913264
window_4275,exact_data/anomaly/window_4275.csv,0.4024259796283754,E1 FFlow__min,1.100607009038139,E1 RPM__min,0.9908922911011769,E1 FFlow__mean,0.9796418827074603
window_15550,exact_data/anomaly/window_15550.csv,0.4005687118609832,E1 FFlow__max,0.9995885476820224,E1 FFlow__mean,0.9728801020869393,E1 RPM__max,0.8540525702318555
window_9575,exact_data/anomaly/window_9575.csv,0.39630599036482883,E1 FFlow__std,1.2950087470152545,E1 CHT1__mean,1.0662170058070655,E1 CHT1__max,1.0530745006084985
window_4450,exact_data/anomaly/window_4450.csv,0.39158130304143524,NormAc__min,1.3974894332815797,IAS__min,1.056354855983821,IAS__mean,1.032178257320227
window_17650,exact_data/anomaly/window_17650.csv,0.39030581403566594,NormAc__std,1.1772143384869156,NormAc__max,1.128835456720881,E1 RPM__std,0.9891117055563708
window_5875,exact_data/anomaly/window_5875.csv,0.38821014043210733,E1 FFlow__min,0.8694703135896594,AltMSL__min,0.7648420744022951,AltMSL__mean,0.7390861917951759
window_4475,exact_data/anomaly/window_4475.csv,0.3868968108228487,NormAc__max,1.128835456720881,IAS__min,0.8267412246243552,IAS__mean,0.8236070356229482
window_16275,exact_data/anomaly/window_16275.csv,0.38676778398479256,E1 FFlow__mean,0.9783656626424216,E1 FFlow__min,0.833927681480395,E1 FFlow__max,0.8311981770233693
window_16450,exact_data/anomaly/window_16450.csv,0.38602209275559546,E1 CHT1__mean,0.881646792239672,NormAc__min,0.8738486942629701,E1 CHT1__min,0.8496869709669137
window_16475,exact_data/anomaly/window_16475.csv,0.38485806115876037,NormAc__min,0.977091336424086,E1 CHT1__mean,0.8858137404157481,E1 CHT1__min,0.8838722828294232
window_16175,exact_data/anomaly/window_16175.csv,0.38164591728859987,NormAc__min,1.2868192629074335,NormAc__std,1.2597934809675198,AltMSL__std,0.8223122930328816
window_5425,exact_data/anomaly/window_5425.csv,0.3756583199709512,NormAc__min,0.8812762224760003,E1 FFlow__min,0.8186951248621388,E1 FFlow__mean,0.6779257306806276
window_18500,exact_data/anomaly/window_18500.csv,0.3640336610434254,AltMSL__max,0.8015117321463623,AltMSL__mean,0.7878400457237555,AltMSL__min,0.7758758966306758
window_18250,exact_data/anomaly/window_18250.csv,0.36391944237289936,NormAc__min,0.8738486942629701,NormAc__mean,0.8179380195695263,E1 EGT1__std,0.6075822857954941
window_18150,exact_data/anomaly/window_18150.csv,0.3599996910741446,E1 CHT1__mean,0.9529081169070781,E1 CHT1__max,0.9333681413268367,E1 CHT1__min,0.8631729196833152
window_9600,exact_data/anomaly/window_9600.csv,0.34777066248292815,E1 CHT1__max,1.231226344868589,E1 CHT1__mean,1.1428497871076917,E1 CHT1__min,0.9960062428943052
window_17100,exact_data/anomaly/window_17100.csv,0.34312400118361264,NormAc__mean,1.2164252387420622,E1 CHT1__min,0.7189046310892364,NormAc__max,0.702960977374445
window_16725,exact_data/anomaly/window_16725.csv,0.3367195077916406,E1 CHT1__mean,0.7651675690053292,E1 CHT1__min,0.75904885052411,E1 CHT1__max,0.7281134190902578
window_18200,exact_data/anomaly/window_18200.csv,0.3356611546080411,E1 CHT1__mean,0.837535739282005,E1 CHT1__max,0.8348723164854501,E1 CHT1__min,0.8299284879638116
window_4425,exact_data/anomaly/window_4425.csv,0.33220507485219375,NormAc__mean,1.3595099994804027,IAS__min,1.032819458769476,IAS__mean,1.0195004743613694
window_16225,exact_data/anomaly/window_16225.csv,0.3319199105995747,E1 RPM__std,1.1169162529103427,E1 FFlow__std,1.097857269853872,E1 FFlow__min,0.8390052003531471
window_17125,exact_data/anomaly/window_17125.csv,0.3318182485084827,AltMSL__std,0.7417096334477554,E1 EGT1__std,0.5946371447287213,NormAc__min,0.5641207677796224
window_16700,exact_data/anomaly/window_16700.csv,0.3298332544862874,NormAc__min,0.8738486942629701,E1 CHT1__mean,0.7979171773266714,E1 CHT1__min,0.7869616280999224
window_4525,exact_data/anomaly/window_4525.csv,0.32255842465085355,NormAc__min,0.7780335803148843,E1 CHT1__std,0.6753970449305424,E1 CHT1__max,0.6412429645267292
window_16200,exact_data/anomaly/window_16200.csv,0.3171890468202634,NormAc__std,0.9058952895281752,NormAc__min,0.7706060521018541,NormAc__max,0.681131080501471
window_18375,exact_data/anomaly/window_18375.csv,0.31211376612907427,E1 FFlow__min,0.826311403171267,E1 FFlow__std,0.7583910997167714,IAS__std,0.5734502640733545
