file,cluster_id,nearest_dist
window_1000.csv,1,12.734882217176986
window_10000.csv,2,10.713135610242789
window_10025.csv,2,11.685657977180204
window_10050.csv,3,11.198046372296664
window_10075.csv,3,10.594580350826572
window_10100.csv,3,9.92389098762804
window_10125.csv,3,9.01265797634504
window_10150.csv,3,8.24698365600757
window_10175.csv,3,9.595784752524686
window_10200.csv,3,10.192954830892582
window_10225.csv,5,7.860801010087963
window_1025.csv,1,12.401766849343241
window_10250.csv,5,7.087085985845518
window_10275.csv,5,8.145448773430305
window_10300.csv,5,8.431307869772965
window_10325.csv,5,6.586718379553148
window_10350.csv,5,5.968326039372813
window_10375.csv,5,7.330003191804575
window_10400.csv,5,8.21500415781055
window_10425.csv,5,8.493101681676368
window_10450.csv,5,6.910140925093037
window_10475.csv,5,7.266063258268557
window_1050.csv,1,12.036855581473029
window_10500.csv,5,5.395515536056588
window_10525.csv,5,5.3847640756488016
window_10550.csv,5,3.6498672531163585
window_10575.csv,5,5.705749158616591
window_10600.csv,5,4.995197035219684
window_10625.csv,5,6.686771417971306
window_10650.csv,5,4.902376969580158
window_10675.csv,5,4.856155244132777
window_10700.csv,5,4.6252770228810665
window_10725.csv,5,5.560044563018733
window_1075.csv,1,11.990463278772653
window_10750.csv,5,5.789984710437773
window_10775.csv,5,6.255050158219703
window_10800.csv,5,7.845659881829129
window_10825.csv,5,7.605545973474095
window_10850.csv,5,8.064947913718319
window_10875.csv,5,7.769249355869141
window_10900.csv,5,8.640537273632109
window_10925.csv,5,8.686964775334541
window_10950.csv,5,10.411505928898485
window_10975.csv,5,11.777219547181227
window_1100.csv,1,11.815471139636088
window_11000.csv,5,11.115981250959933
window_11025.csv,5,11.892437340320182
window_11050.csv,7,13.248624123031968
window_11075.csv,7,13.280703808704866
window_11100.csv,7,13.113605518101146
window_11125.csv,7,12.569942580045197
window_11150.csv,7,10.301098073350735
window_11175.csv,7,10.503487402441202
window_11200.csv,7,6.403880218521663
window_11225.csv,7,5.977383698858492
window_1125.csv,1,11.427190827161521
window_11250.csv,7,6.238839583478122
window_11275.csv,7,7.508251966689296
window_11300.csv,7,4.898542937120589
window_11325.csv,7,4.824114085344303
window_11350.csv,7,6.809309538751935
window_11375.csv,7,6.521657343992419
window_11400.csv,7,5.387152923667452
window_11425.csv,7,6.197433375683745
window_11450.csv,7,7.681933613319489
window_11475.csv,7,8.428204388137061
window_1150.csv,9,16.593920675403783
window_11500.csv,7,8.938616165781802
window_11525.csv,7,6.121049997792338
window_11550.csv,7,6.392494589149232
window_11575.csv,7,9.114913709361256
window_11600.csv,7,5.891767584752204
window_11625.csv,7,6.373074624633746
window_11650.csv,7,5.2923732783680535
window_11675.csv,7,5.713199941778847
window_11700.csv,7,5.25173364624875
window_11725.csv,7,6.510070380879903
window_1175.csv,2,7.87662659297005
window_11750.csv,7,6.720446762730519
window_11775.csv,7,6.795555353252923
window_11800.csv,7,7.225960374591093
window_11825.csv,7,7.1587187753205805
window_11850.csv,7,6.67763055420254
window_11875.csv,7,6.664681308573118
window_11900.csv,7,8.047921491106312
window_11925.csv,7,7.153647911276944
window_11950.csv,7,6.325830819557453
window_11975.csv,7,11.323448847211353
window_1200.csv,2,7.2607195284559625
window_12000.csv,7,7.2803063183929595
window_12025.csv,7,5.432607797005112
window_12050.csv,7,4.938394779280081
window_12075.csv,7,4.3354538061639785
window_12100.csv,7,3.0549802645611313
window_12125.csv,7,6.243771598985563
window_12150.csv,8,8.126554700288851
window_12175.csv,2,7.271756507919698
window_12200.csv,2,4.990791886642142
window_12225.csv,2,4.309672872694501
window_1225.csv,2,8.423214408892074
window_12250.csv,2,6.226461127860067
window_12275.csv,2,8.556524029646921
window_12300.csv,7,9.774211341301596
window_12325.csv,7,10.148602004367262
window_12350.csv,7,10.162831167530596
window_12375.csv,7,10.577502972653397
window_12400.csv,7,10.064613653553357
window_12425.csv,7,10.74860066783412
window_12450.csv,7,11.040145194531078
window_12475.csv,7,10.933465836919796
window_12500.csv,7,10.571672113428622
window_12525.csv,7,8.394066901088214
window_12550.csv,7,7.670380060442387
window_12575.csv,7,7.822401234697313
window_12600.csv,7,5.748077411290841
window_12625.csv,7,6.409895661925394
window_12650.csv,7,8.337305527403842
window_12675.csv,7,9.149962767597543
window_12700.csv,7,7.229533535766809
window_12725.csv,7,4.515979718060618
window_12750.csv,7,4.296824533487902
window_12775.csv,7,5.295861960929182
window_12800.csv,7,6.903662169914898
window_12825.csv,7,4.831726052890498
window_12850.csv,7,6.5864820608558
window_12875.csv,7,7.4865148356623825
window_12900.csv,7,6.209540816079877
window_12925.csv,7,6.400598488604774
window_12950.csv,7,5.218792125158662
window_12975.csv,7,5.318862399712192
window_1300.csv,2,9.57836010976531
window_13000.csv,7,5.409590149031539
window_13025.csv,7,6.444000704980589
window_13050.csv,7,5.830549890661394
window_13075.csv,7,9.02184571718983
window_13100.csv,7,11.158720240755454
window_13125.csv,8,11.51941160694999
window_13150.csv,7,10.729535206953011
window_13175.csv,7,10.424693218054056
window_13200.csv,7,9.706914949436678
window_13225.csv,7,8.677719327685846
window_1325.csv,2,10.145654733572997
window_13250.csv,8,9.474164069088582
window_13275.csv,8,7.471379908006048
window_13300.csv,8,5.356617649354767
window_13325.csv,8,5.428776765774599
window_13350.csv,8,7.234002853589963
window_13375.csv,8,10.941771168789264
window_13400.csv,8,7.029807073822174
window_13425.csv,8,8.686067899500777
window_13450.csv,8,7.031657630351337
window_13475.csv,8,11.086734637664614
window_1350.csv,2,10.261399939007804
window_13500.csv,1,6.2695184551365095
window_13525.csv,1,5.875855951496793
window_13550.csv,1,3.753070627436679
window_13575.csv,1,6.375636741537297
window_13600.csv,1,6.705978372998147
window_13625.csv,1,2.895010242673438
window_13650.csv,1,2.498153032694186
window_13675.csv,1,4.3857660265838785
window_13700.csv,1,5.889650268401547
window_13725.csv,1,5.3451371565647365
window_1375.csv,2,10.50769887670146
window_13750.csv,1,6.848207359495684
window_13775.csv,1,7.482253778272288
window_13800.csv,1,5.471822741537874
window_13825.csv,1,6.072719162731229
window_13850.csv,1,6.878906184019211
window_13875.csv,1,8.236092006428118
window_13900.csv,0,7.99021397824271
window_13925.csv,0,5.343693167148732
window_13950.csv,0,3.163694256703902
window_13975.csv,0,6.0680518765835325
window_1400.csv,2,11.354638576597978
window_14000.csv,0,9.715903880911437
window_14025.csv,0,13.230503951789027
window_14050.csv,1,15.921910936177936
window_14075.csv,1,13.067223860604837
window_14100.csv,1,10.551928547060715
window_14125.csv,1,8.34470963375297
window_14150.csv,1,6.5816583008242855
window_14175.csv,1,6.011974956561555
window_14200.csv,1,3.0557930900307806
window_14225.csv,1,4.2097886172086305
window_1425.csv,2,12.055980619956795
window_14250.csv,1,1.9476156035346919
window_14275.csv,1,3.0318255513440584
window_14300.csv,1,3.608520036296209
window_14325.csv,1,3.343656688847305
window_14350.csv,1,1.3861961055797023
window_14375.csv,1,1.3985808632989518
window_14400.csv,1,9.082706629556373
window_14425.csv,1,8.344297822930388
window_14450.csv,1,3.007526468584125
window_14475.csv,1,2.868234018310159
window_1450.csv,3,12.032884410856012
window_14500.csv,1,2.5822869577509433
window_14525.csv,1,5.222312129323365
window_14550.csv,2,12.794919616195187
window_14575.csv,2,9.391584166313082
window_14600.csv,2,5.686002526132801
window_14625.csv,2,5.200054729499336
window_14650.csv,9,6.748642341020761
window_14675.csv,9,3.614003751580916
window_14700.csv,9,5.880700780466042
window_14725.csv,8,9.005376922474968
window_1475.csv,3,10.933123105522055
window_14750.csv,8,6.524103691936674
window_14775.csv,8,4.870920012315316
window_14800.csv,1,9.321787636332147
window_14825.csv,2,13.45349392347128
window_14850.csv,2,11.21103756011932
window_14875.csv,2,7.4829833267503645
window_14900.csv,2,7.614822090002282
window_14925.csv,9,3.29923551015666
window_14950.csv,9,2.78087315369774
window_14975.csv,9,8.403304981043798
window_1500.csv,3,11.672140425186278
window_15000.csv,8,8.154337366240139
window_15025.csv,8,5.015806771149085
window_15050.csv,8,5.841192933475116
window_15075.csv,8,14.339651744799049
window_15100.csv,2,12.031482343143578
window_15125.csv,2,8.886554285653109
window_15150.csv,2,6.586869219670964
window_15175.csv,9,5.678426005836065
window_15200.csv,9,2.8278736610927324
window_15225.csv,9,3.39619744451694
window_1525.csv,7,11.603085860262452
window_15250.csv,9,4.735847561227418
window_15275.csv,8,7.38922860825025
window_15300.csv,8,5.171295389021889
window_15325.csv,8,3.8227416850335025
window_15350.csv,8,10.388037495836974
window_15375.csv,2,11.332062850692484
window_15400.csv,2,8.620145537626197
window_15425.csv,2,6.13260976836301
window_15450.csv,9,4.056503360799318
window_15475.csv,9,2.399673887450502
window_1550.csv,7,10.335581929762533
window_15500.csv,9,5.888329362019842
window_15525.csv,8,9.332333609716363
window_15550.csv,8,5.932918005342429
window_15575.csv,8,4.135585534637061
window_15600.csv,8,10.32260294944418
window_15625.csv,8,16.76285499399331
window_15650.csv,2,10.954998581904409
window_15675.csv,2,7.658867428189601
window_15700.csv,2,5.457518751040395
window_15725.csv,9,2.9713492403129784
window_1575.csv,7,10.353146736833894
window_15750.csv,9,2.6046766198545535
window_15775.csv,9,2.0483821236828628
window_15800.csv,9,3.001782485210421
window_15825.csv,9,8.035544014619848
window_15850.csv,8,7.535281562772374
window_15875.csv,8,5.821808013227973
window_15900.csv,8,8.81550213052335
window_15925.csv,8,15.992008038726524
window_15950.csv,2,12.705651725926911
window_15975.csv,2,8.988337307827367
window_1600.csv,7,12.08764904044135
window_16000.csv,2,6.029394773325377
window_16025.csv,9,3.0308718381692605
window_16050.csv,9,4.032567249250769
window_16075.csv,9,4.0190802801278815
window_16100.csv,9,3.915025157629458
window_16125.csv,9,4.334036971589369
window_16150.csv,9,5.337033296551727
window_16175.csv,9,5.882676092229005
window_16200.csv,9,6.457988524422956
window_16225.csv,8,6.516848661584837
window_1625.csv,7,12.368529540463374
window_16250.csv,8,5.651355436694455
window_16275.csv,8,4.70839089514751
window_16300.csv,8,3.927601548731282
window_16325.csv,1,9.425120881155893
window_16350.csv,2,13.45088836028973
window_16375.csv,2,10.709647108525697
window_16400.csv,2,6.77629167220781
window_16425.csv,9,7.017265057272482
window_16450.csv,9,3.2294795940042986
window_16475.csv,9,2.7593875511597026
window_1650.csv,7,11.850505382499481
window_16500.csv,9,5.707341670185575
window_16525.csv,8,9.406287484257266
window_16550.csv,8,5.717518353530456
window_16575.csv,8,4.425323582612308
window_16600.csv,8,12.465743584179604
window_16625.csv,2,9.83073493562579
window_16650.csv,2,7.268962108150707
window_16675.csv,9,7.601507252494714
window_16700.csv,9,3.4244404730296396
window_16725.csv,9,3.8351065672587636
window_1675.csv,3,10.429575674862235
window_16750.csv,9,4.696533818960811
window_16775.csv,9,6.066457710174341
window_16800.csv,9,6.118242218530839
window_16825.csv,9,6.898322009522826
window_16850.csv,8,7.7807662486659215
window_16875.csv,8,5.929162451338857
window_16900.csv,8,3.781914054407584
window_16925.csv,8,3.353403507545193
window_16950.csv,8,8.475969341796823
window_16975.csv,8,16.247928925325226
window_1700.csv,3,8.032679601838263
window_17000.csv,2,11.742668226253844
window_17025.csv,2,8.096046373671912
window_17050.csv,9,6.424844825133392
window_17075.csv,9,4.396919568923827
window_17100.csv,9,4.832733239936395
window_17125.csv,9,4.639450945092552
window_17150.csv,9,5.907350856458621
window_17175.csv,8,7.36825608940565
window_17200.csv,8,6.409779638248112
window_17225.csv,8,4.260740854731253
window_1725.csv,3,5.915364707717551
window_17250.csv,8,4.489808405799954
window_17275.csv,1,9.004100831212753
window_17300.csv,8,16.43171267746217
window_17325.csv,2,11.636849573419235
window_17350.csv,2,7.502630198300869
window_17375.csv,9,8.209862117574598
window_17400.csv,9,4.350009647476371
window_17425.csv,9,3.4239875260381942
window_17450.csv,9,3.5765287103651855
window_17475.csv,9,6.168240846596276
window_1750.csv,3,4.229231081151791
window_17500.csv,9,6.161000574303224
window_17550.csv,9,6.054764072679003
window_17575.csv,9,6.73841330060801
window_17600.csv,9,7.350540044434796
window_17625.csv,8,7.553440108033199
window_17650.csv,8,7.4327251522065225
window_17675.csv,8,5.717058578350784
window_17700.csv,8,3.4456408758883956
window_17725.csv,8,2.373789016530845
window_1775.csv,3,2.812408138956109
window_17750.csv,8,2.844081993875873
window_17775.csv,8,6.7196974626762325
window_17800.csv,1,15.047479739617824
window_17825.csv,2,11.40544827088446
window_17850.csv,2,8.635268147918204
window_17875.csv,2,4.368888521818649
window_17900.csv,9,3.3308305109043266
window_17925.csv,9,6.540095974397964
window_17950.csv,9,8.375271764770865
window_17975.csv,8,6.6486239842486405
window_1800.csv,3,2.7979344857880744
window_18000.csv,8,4.869373531560574
window_18025.csv,8,8.002678734761174
window_18050.csv,8,15.926564171174283
window_18075.csv,2,10.189769110454733
window_18100.csv,2,6.88311952415648
window_18125.csv,2,5.542182488708581
window_18150.csv,9,2.8440422194962385
window_18175.csv,9,3.950926955224367
window_18200.csv,9,4.226786735048499
window_18225.csv,9,6.3138422087451485
window_1825.csv,3,7.074162827820579
window_18250.csv,9,4.308015775110653
window_18275.csv,9,5.8667264513896855
window_18300.csv,9,5.431615744809364
window_18325.csv,9,5.7376853620066175
window_18350.csv,9,6.524217056953538
window_18375.csv,8,6.824384305231925
window_18400.csv,8,5.670982555675519
window_18425.csv,8,4.400879207680393
window_18450.csv,8,2.8752289816917105
window_18475.csv,8,3.576898314511978
window_1850.csv,3,5.799415753722423
window_18500.csv,8,4.405234230159636
window_18525.csv,8,4.042301124171249
window_18550.csv,8,8.195212765782518
window_18575.csv,2,13.81266534147234
window_18600.csv,2,8.043604974507927
window_18625.csv,2,4.640094375306663
window_18650.csv,2,6.251636674971642
window_18675.csv,9,3.5076521263433906
window_18700.csv,9,3.9347746477811807
window_18725.csv,9,8.925498539170936
window_1875.csv,3,6.0219469443068645
window_18750.csv,8,7.63478962165326
window_18775.csv,8,4.366896339988748
window_18800.csv,8,3.433787996167808
window_18825.csv,8,4.532339377204132
window_18850.csv,1,10.72752513236086
window_18875.csv,2,11.321482691384219
window_18900.csv,2,7.8907956231378975
window_18925.csv,2,5.93706872255485
window_18950.csv,9,5.049660260050388
window_18975.csv,9,3.0340458657696194
window_1900.csv,3,7.058289729613996
window_19000.csv,9,3.6973814536252996
window_19025.csv,9,5.097904920013815
window_19050.csv,9,6.372577512973883
window_19075.csv,9,8.54181594127742
window_19100.csv,9,5.7572550946273555
window_19125.csv,9,6.2408338323705985
window_19150.csv,9,6.39331038654021
window_19175.csv,9,7.445351598791552
window_19200.csv,8,6.72776799929806
window_19225.csv,8,4.771814659351257
window_1925.csv,3,8.171421584543518
window_19250.csv,8,2.959356176858296
window_19275.csv,8,3.158755594401293
window_19300.csv,8,4.003042920846618
window_19325.csv,8,4.840586594643781
window_19350.csv,8,12.428536180664512
window_19375.csv,2,9.929513541937698
window_19400.csv,2,6.7974148136794375
window_19425.csv,2,4.7685160989884645
window_19450.csv,9,2.5982092435683026
window_19475.csv,9,4.452989909124068
window_1950.csv,3,8.210328878080142
window_19500.csv,9,4.164334203165445
window_19525.csv,9,4.730629660432567
window_19550.csv,9,4.170308941181087
window_19575.csv,9,5.180525159185648
window_19600.csv,9,5.968176397396384
window_19625.csv,9,7.212659884688828
window_19650.csv,8,6.833934206742607
window_19675.csv,8,6.66391485585392
window_19700.csv,8,4.581399784663206
window_19725.csv,8,5.190118320777967
window_1975.csv,6,9.446274795167481
window_19750.csv,1,4.439002144455126
window_19775.csv,1,3.7320189460264044
window_19800.csv,1,5.07404008675658
window_19825.csv,1,2.519084074154194
window_19850.csv,1,3.5115835604442234
window_19875.csv,1,3.7026432838444006
window_19900.csv,1,3.0651604159388857
window_19925.csv,1,3.5221755963737498
window_19950.csv,1,3.7550956974506793
window_19975.csv,1,3.8462601925113797
window_2000.csv,6,9.159225133079625
window_20000.csv,1,4.013652727291526
window_20025.csv,1,4.497533501466041
window_20050.csv,1,5.150243730725373
window_20075.csv,1,5.49069354634513
window_20100.csv,1,5.818579441288481
window_20125.csv,1,6.217315665700093
window_20150.csv,1,6.6151333889192
window_20175.csv,1,6.894114331839407
window_20200.csv,1,8.36497576230253
window_20225.csv,1,8.96518865701752
window_2025.csv,6,10.221637460540967
window_20250.csv,1,9.545332057787611
window_20275.csv,1,8.79836619832613
window_20300.csv,1,7.596734987987927
window_20325.csv,1,2.264855552915345
window_20350.csv,0,7.847956685601668
window_20375.csv,0,11.208845332591828
window_20400.csv,0,15.004913228318673
window_20425.csv,1,14.154229922905442
window_20450.csv,1,11.277092682265334
window_20475.csv,1,8.928732925757831
window_2050.csv,6,7.6514390908079175
window_20500.csv,1,6.953140037030016
window_20525.csv,1,5.3786263800567555
window_20550.csv,1,3.863858626867325
window_20575.csv,1,2.692493754776437
window_20600.csv,1,3.852140599959436
window_20625.csv,1,1.8924269020537523
window_20650.csv,1,3.9428633729432696
window_20675.csv,1,2.285069638508081
window_20700.csv,1,4.836080796500674
window_20725.csv,1,6.416391189404614
window_2075.csv,6,5.867020351457545
window_20750.csv,1,6.235000341767532
window_20775.csv,1,5.667418822257571
window_20800.csv,1,4.653916193101287
window_20825.csv,1,7.001552853580716
window_20850.csv,1,3.5694349835492574
window_20875.csv,1,5.986320054998726
window_20900.csv,1,7.291481508444533
window_20925.csv,1,7.450431250050351
window_20950.csv,1,4.062795228924908
window_20975.csv,1,9.814719949305205
window_2100.csv,6,5.098708017480273
window_21000.csv,8,10.714894892214565
window_21025.csv,1,6.689323792690038
window_21050.csv,1,7.814334549139766
window_21075.csv,1,7.770342595555448
window_21100.csv,1,8.442558920603219
window_21125.csv,8,16.561970497440626
window_21150.csv,2,7.431348174271448
window_21175.csv,2,5.158795399617382
window_21200.csv,2,4.79675401897488
window_21225.csv,2,5.558033023921943
window_2125.csv,6,4.967232796299597
window_21250.csv,2,6.618227179235492
window_21275.csv,2,8.027031288848066
window_21300.csv,2,9.330758618419173
window_21325.csv,2,11.01123874642447
window_21350.csv,2,12.20466257226235
window_21375.csv,3,11.406112408998712
window_21400.csv,3,12.33109887214873
window_21425.csv,7,10.687020604651957
window_21450.csv,7,8.993234438276975
window_21475.csv,7,7.659815927176034
window_2150.csv,6,4.873629709782489
window_21500.csv,7,6.9314300926231995
window_21525.csv,7,6.5335198704284885
window_21550.csv,7,6.319460598720776
window_21575.csv,7,6.172752358320336
window_21600.csv,7,6.512519714206269
window_21625.csv,7,6.244926910407539
window_21650.csv,7,6.0623398401587085
window_21675.csv,7,5.854428486801789
window_21700.csv,7,5.566306576495272
window_21725.csv,7,5.598786894122978
window_2175.csv,6,6.049118669297711
window_21750.csv,7,5.869504855068063
window_21775.csv,7,5.800453158251158
window_21800.csv,7,6.393432028549679
window_21825.csv,7,6.309180827387084
window_21850.csv,7,6.099854526935684
window_21875.csv,7,6.512530224349975
window_21900.csv,7,6.381274116763511
window_21925.csv,7,6.3187277302314655
window_21950.csv,7,5.968835609467494
window_21975.csv,7,6.08673621745785
window_2200.csv,6,5.589975892082278
window_22000.csv,7,6.557095624765618
window_22025.csv,7,6.157848734536052
window_22050.csv,7,6.389554442727682
window_22075.csv,7,5.825697780560349
window_22100.csv,7,6.1644605539393424
window_22125.csv,7,6.433503168207318
window_22150.csv,7,6.748927978085194
window_22175.csv,7,6.260436294935939
window_22200.csv,7,6.600043297548933
window_22225.csv,7,5.950070827862197
window_2225.csv,6,4.6602318994023015
window_22250.csv,7,6.158738293354948
window_22275.csv,7,7.021779532639625
window_22300.csv,7,7.449159459294942
window_22325.csv,7,7.177376190697182
window_22350.csv,7,6.950651460969965
window_22375.csv,7,6.545747448204097
window_22400.csv,7,6.136732426629847
window_22425.csv,7,5.955368418730541
window_22450.csv,7,6.146809463068557
window_22475.csv,7,6.191456160234209
window_2250.csv,6,5.332429225934893
window_22500.csv,7,7.415955053451007
window_22525.csv,7,7.220536676714733
window_22550.csv,7,8.511211410427547
window_22575.csv,7,8.04908295160638
window_22600.csv,7,6.604315658052051
window_22625.csv,7,5.974586495296186
window_22650.csv,7,6.276498098313732
window_22675.csv,7,6.411572975968942
window_22700.csv,7,6.590418937363471
window_22725.csv,7,6.693381247724463
window_2275.csv,6,4.674831311152294
window_22750.csv,7,7.141581282083546
window_22775.csv,7,6.404875595936985
window_22800.csv,7,6.269336881742077
window_22825.csv,7,7.525614813149586
window_22850.csv,7,7.180320320279192
window_22875.csv,7,6.619004970901569
window_22900.csv,7,6.5452374962736535
window_22925.csv,7,5.994748898967621
window_22950.csv,7,8.05542703427462
window_22975.csv,7,10.195389341205376
window_2300.csv,6,4.674822782741349
window_23000.csv,7,9.004788126034228
window_23025.csv,7,6.984737352430714
window_23050.csv,7,7.686510788862317
window_23075.csv,7,7.501170972525416
window_23100.csv,7,6.6521487389663205
window_23125.csv,7,8.409145448813872
window_23150.csv,7,12.672983358365045
window_23175.csv,7,11.438030095220046
window_23200.csv,7,10.933948176590155
window_23225.csv,7,10.692300142247243
window_2325.csv,6,5.487944541146042
window_23250.csv,7,9.686391385476039
window_23275.csv,7,9.196969209087781
window_23300.csv,7,10.446278712753635
window_23325.csv,7,10.160956111595357
window_23350.csv,7,8.6696895931503
window_23375.csv,7,9.003617477779457
window_23400.csv,7,11.91037792736533
window_23425.csv,7,16.230964735217675
window_23450.csv,1,19.417888056200734
window_23475.csv,7,14.09499434527356
window_2350.csv,6,6.338126230919845
window_23500.csv,7,10.859242560743066
window_23525.csv,7,9.90250795688453
window_23550.csv,7,8.570561636197647
window_23575.csv,7,8.767410964255978
window_23600.csv,7,8.672929474845388
window_23625.csv,7,7.489477914798361
window_23650.csv,7,8.372107828595022
window_23675.csv,7,8.46253522018851
window_23700.csv,7,8.046516736595347
window_23725.csv,7,7.3649015685511445
window_2375.csv,6,5.3277156783933854
window_23750.csv,7,7.939027270869404
window_23775.csv,7,7.0935638214722765
window_23800.csv,7,6.251974666321897
window_23825.csv,7,6.84983833861039
window_23850.csv,7,7.711320491735837
window_23875.csv,7,8.435122471799387
window_23900.csv,8,7.907979133988238
window_23925.csv,8,7.482165321739366
window_23950.csv,8,7.4036185860618025
window_23975.csv,8,6.925385838332678
window_2400.csv,6,5.470550030206641
window_24000.csv,8,6.973100651494492
window_24025.csv,8,7.2401180606145505
window_24050.csv,8,7.363903437716744
window_24075.csv,8,7.2763524799820605
window_24100.csv,8,6.944382017363731
window_24125.csv,1,6.2714740615249385
window_24150.csv,1,17.459792097733395
window_24175.csv,2,14.556858238736718
window_24200.csv,2,9.767658115015935
window_24225.csv,2,5.148951848608412
window_2425.csv,6,5.40538635397733
window_24250.csv,9,5.210089989247732
window_24275.csv,9,3.7266677207471273
window_24300.csv,9,4.615573290994937
window_24325.csv,9,6.173077792705721
window_24350.csv,8,8.557209825668528
window_24375.csv,8,5.64919953409028
window_24400.csv,8,2.9404188382498653
window_24425.csv,8,7.597040631572173
window_24450.csv,1,6.331950445425568
window_24475.csv,2,14.194995527713367
window_2450.csv,6,5.376081329939397
window_24500.csv,2,10.478796483854405
window_24525.csv,2,6.190784135342924
window_24550.csv,2,4.335777211389627
window_24575.csv,9,5.70702919932185
window_24600.csv,9,3.4454089761851567
window_24625.csv,9,5.901601324793462
window_24650.csv,9,9.851880657935332
window_24675.csv,8,8.330497493058878
window_24700.csv,8,4.472304715498156
window_24725.csv,1,8.76330314377718
window_2475.csv,6,6.3775087341161605
window_24750.csv,1,14.992717383433883
window_24775.csv,2,12.968125891040733
window_24800.csv,2,8.388039895331604
window_24825.csv,2,4.398766090707757
window_24850.csv,2,2.8306412639036296
window_24875.csv,2,3.726477200478342
window_24900.csv,2,6.786864279735495
window_24925.csv,9,8.765974241218967
window_24950.csv,9,8.428668279764224
window_24975.csv,2,8.548498016788535
window_2500.csv,6,7.2429388349821275
window_25000.csv,7,8.071752999066385
window_25025.csv,7,6.21586556672876
window_25050.csv,7,4.856987456337013
window_25075.csv,7,4.608357172465268
window_25100.csv,7,4.504901523047069
window_25125.csv,7,4.3681629434834655
window_25150.csv,7,4.465124497660192
window_25175.csv,7,4.019479572288222
window_25200.csv,7,3.9325799476326315
window_25225.csv,7,3.9171526870529454
window_2525.csv,6,7.338118962063831
window_25250.csv,7,3.857533944532483
window_25275.csv,7,4.111729923477216
window_25300.csv,7,4.048764082035669
window_25325.csv,7,3.9486070363390393
window_25350.csv,7,4.377380685673683
window_25375.csv,7,4.360800903306176
window_25400.csv,7,4.137854404571515
window_25425.csv,7,4.2648258190606185
window_25450.csv,7,3.8693102751039685
window_25475.csv,7,4.494295982370312
window_2550.csv,6,7.014478574614908
window_25500.csv,7,4.820095070803403
window_25525.csv,7,4.48159424444879
window_25550.csv,7,4.785908110568841
window_25575.csv,7,6.164219282439539
window_25600.csv,8,9.912012914704462
window_25625.csv,1,13.122015880957898
window_25650.csv,8,6.5005054137659455
window_25675.csv,8,6.142070938790096
window_25700.csv,8,9.083924052655522
window_25725.csv,1,6.615023618257501
window_2575.csv,6,5.674270847303865
window_25750.csv,1,4.952566475944714
window_25775.csv,1,4.5420393453836265
window_25800.csv,1,4.460731357392876
window_25825.csv,1,3.689269919401322
window_25850.csv,1,5.983742837541488
window_25875.csv,1,3.4394478525616514
window_25900.csv,1,5.118435651932125
window_25925.csv,1,3.8836103206369255
window_25950.csv,1,4.287890869434266
window_25975.csv,1,4.94534018961069
window_2600.csv,6,6.261343689046513
window_26000.csv,1,8.016752934795832
window_2625.csv,6,7.338720567007972
window_2650.csv,6,6.638717649164157
window_2675.csv,6,6.553869140891738
window_2700.csv,6,6.628436430494076
window_2725.csv,6,5.946103497548179
window_2750.csv,6,5.346296490291791
window_2775.csv,6,7.117285217230075
window_2800.csv,6,7.784248435959009
window_2825.csv,6,4.672340867874943
window_2850.csv,6,5.788114515314418
window_2875.csv,6,7.235913237067265
window_2900.csv,6,6.860669630218365
window_2925.csv,6,5.046029103960373
window_2950.csv,6,5.673836069664422
window_2975.csv,6,5.782454371682724
window_3000.csv,6,8.207386589713698
window_3025.csv,6,7.622263455774621
window_3050.csv,6,20.532558611808337
window_3075.csv,6,16.32379626292671
window_3100.csv,6,7.2440229014199815
window_3125.csv,6,16.545207534869782
window_3150.csv,6,22.49796249550391
window_3175.csv,6,8.25848625159185
window_3200.csv,6,6.278108349801424
window_3225.csv,6,17.438145950775052
window_325.csv,1,5.54357737016923
window_3250.csv,6,18.88513906988175
window_3275.csv,6,6.468542614135907
window_3300.csv,6,6.091769504538253
window_3325.csv,6,6.2229351446107515
window_3350.csv,6,5.952188810242204
window_3375.csv,6,6.877032688894083
window_3400.csv,6,6.496848628956545
window_3425.csv,6,5.898867650301639
window_3450.csv,6,6.819089684548947
window_3475.csv,6,6.106933210808102
window_350.csv,1,5.892352588135934
window_3500.csv,6,5.273738427405786
window_3525.csv,6,5.687281306286031
window_3550.csv,6,4.90618879363085
window_3575.csv,6,5.009305111528478
window_3600.csv,6,5.421772857885478
window_3625.csv,6,6.297243058585462
window_3650.csv,6,5.373789440608974
window_3675.csv,6,5.745297050357606
window_3700.csv,5,5.374842300068533
window_3725.csv,5,5.562885844791223
window_3750.csv,5,7.016474064160489
window_3775.csv,5,5.283819275963449
window_3800.csv,5,6.384713691145769
window_3825.csv,5,6.243209728393748
window_3850.csv,5,6.756965459123672
window_3875.csv,5,8.835339101503942
window_3900.csv,5,9.796246476311
window_3925.csv,7,10.857117743151628
window_3950.csv,7,10.65565363353587
window_3975.csv,7,10.994124079839148
window_400.csv,1,5.514695133944506
window_4000.csv,7,10.005066354227017
window_4025.csv,7,9.927132419325567
window_4050.csv,7,8.267933591348998
window_4075.csv,7,7.616272788057832
window_4100.csv,7,7.324885124101295
window_4125.csv,7,7.393368894064699
window_4150.csv,7,5.963569565073804
window_4175.csv,7,5.980353428665583
window_4200.csv,7,5.819468653772194
window_4225.csv,7,6.069992146549387
window_425.csv,1,6.443642554538854
window_4250.csv,7,5.656244441387254
window_4275.csv,7,5.830769156244862
window_4300.csv,7,6.622088828917446
window_4325.csv,7,8.097215952645588
window_4350.csv,7,5.980535445730591
window_4375.csv,7,5.00961351076491
window_4400.csv,7,6.478407988617662
window_4425.csv,7,6.272076689696872
window_4450.csv,7,7.954038103848835
window_4475.csv,7,8.198551898897579
window_4500.csv,8,7.442652428408877
window_4525.csv,8,6.330445916140397
window_4550.csv,8,6.675426357676599
window_4575.csv,8,6.211599880598115
window_4600.csv,8,4.179471120188973
window_4625.csv,8,5.652210709690422
window_4650.csv,8,5.0946284280192415
window_4675.csv,8,4.175249273066637
window_4700.csv,8,4.223404059179598
window_4725.csv,8,5.298784108801087
window_4750.csv,8,10.318778496369044
window_4775.csv,2,9.287128284749917
window_4800.csv,2,6.7164943097970475
window_4825.csv,2,7.262054441273315
window_4850.csv,9,7.293528500712322
window_4875.csv,9,4.969836509266992
window_4900.csv,9,3.504951709262233
window_4925.csv,9,3.413576625164341
window_4950.csv,9,5.208179543371231
window_4975.csv,8,8.504776688057042
window_50.csv,0,16.387796591861836
window_5000.csv,8,7.279795320003861
window_5025.csv,8,4.211559371972817
window_5050.csv,8,5.671070726724565
window_5075.csv,1,12.959533833116916
window_5100.csv,2,11.100757159230625
window_5125.csv,2,8.168840899169735
window_5150.csv,2,4.99874568041548
window_5175.csv,9,6.081560418346565
window_5200.csv,9,6.346730716714003
window_5225.csv,9,5.976671671554784
window_5250.csv,9,5.504598723026759
window_5275.csv,9,3.896054067298132
window_5300.csv,9,4.370608374986886
window_5325.csv,9,5.07649342711135
window_5350.csv,9,6.942314471753706
window_5375.csv,8,8.098035885892315
window_5400.csv,8,5.3957055548399495
window_5425.csv,8,4.6695090597110545
window_5450.csv,8,7.580617430304564
window_5475.csv,8,5.145482821473957
window_5500.csv,8,8.507705647205503
window_5525.csv,1,16.875565460918512
window_5550.csv,2,9.435408209609752
window_5575.csv,2,5.995525699378604
window_5600.csv,2,4.317543559318496
window_5625.csv,2,8.550566978035555
window_5650.csv,9,9.003845233843428
window_5675.csv,9,9.764962916508445
window_5700.csv,9,5.155508999587625
window_5725.csv,9,4.967501505416502
window_575.csv,1,5.342783862778373
window_5750.csv,9,3.792486900085518
window_5775.csv,9,3.83348292264357
window_5800.csv,9,5.820508194449471
window_5825.csv,8,7.87054197481746
window_5850.csv,8,5.731374950664535
window_5875.csv,8,4.222788760615901
window_5900.csv,8,3.931729734225544
window_5925.csv,8,8.700881695184274
window_5950.csv,1,5.662745264547208
window_5975.csv,1,2.3560812540509612
window_600.csv,1,5.577973831801055
window_6000.csv,1,5.073358702055541
window_6025.csv,1,6.493385012130874
window_6050.csv,1,4.209583493933985
window_6075.csv,1,3.2276403255504955
window_6100.csv,1,3.6944644017236645
window_6125.csv,1,2.736328455986917
window_6150.csv,1,3.55589853124567
window_6175.csv,1,4.062500044882822
window_6200.csv,1,4.577209632125489
window_6225.csv,1,11.411495037546334
window_6250.csv,0,10.220817207811935
window_6275.csv,0,13.46398741832761
window_6300.csv,1,15.69925455182951
window_6325.csv,1,12.847469014586215
window_6350.csv,1,10.392522006870543
window_6375.csv,1,8.435427472240494
window_6400.csv,1,6.686026937415294
window_6425.csv,1,5.141232495099898
window_6450.csv,1,4.609551025354927
window_6475.csv,1,4.951064643303895
window_6500.csv,1,3.440089161913298
window_6525.csv,1,2.432420404177866
window_6550.csv,1,5.76648787776241
window_6575.csv,1,7.291890859974956
window_6600.csv,1,6.769572645217899
window_6625.csv,1,5.737887578751664
window_6650.csv,1,5.584829104162229
window_6675.csv,1,5.782092656880262
window_6700.csv,1,8.092316426026098
window_6725.csv,1,7.9104681018476075
window_675.csv,1,5.875487439080923
window_6750.csv,1,10.322459225840998
window_6775.csv,1,7.289292661672229
window_6800.csv,1,7.463967480126591
window_6825.csv,1,9.531865584245313
window_6850.csv,2,11.085836967654537
window_6875.csv,2,7.957577351699616
window_6900.csv,2,7.425522255786839
window_6925.csv,2,5.923884738436831
window_6950.csv,2,7.500232893895196
window_6975.csv,2,8.749761494314733
window_700.csv,1,11.011012871075712
window_7000.csv,2,8.061712923483999
window_7025.csv,2,9.120289186311432
window_7050.csv,2,9.843737950601433
window_7075.csv,2,11.338385805342483
window_7100.csv,3,12.118488941964129
window_7125.csv,3,9.488830996234885
window_7150.csv,3,9.255687641446364
window_7175.csv,3,8.638456749972024
window_7200.csv,3,7.587697235043095
window_7225.csv,3,6.226546583228677
window_725.csv,8,11.394578479919192
window_7250.csv,3,6.839043974304057
window_7275.csv,3,9.447155814307438
window_7300.csv,3,10.091864797128373
window_7325.csv,5,8.91553293172796
window_7350.csv,5,8.79547600581942
window_7375.csv,5,9.623669795652932
window_7400.csv,5,4.991113759030152
window_7425.csv,5,5.65497747921701
window_7450.csv,5,3.399193379470087
window_7475.csv,5,4.763437032719943
window_75.csv,1,12.633577054573955
window_750.csv,1,10.515194504038393
window_7500.csv,5,3.7889252490156564
window_7525.csv,5,5.397221003741496
window_7550.csv,5,6.15113447602016
window_7575.csv,5,5.24809934472236
window_7600.csv,5,4.847028577758098
window_7625.csv,5,4.493101966551183
window_7650.csv,5,5.833665364536133
window_7675.csv,5,7.521139699671213
window_7700.csv,5,8.672913034825271
window_7725.csv,5,9.347094369036926
window_775.csv,1,10.713656650142847
window_7750.csv,5,5.924263989703355
window_7775.csv,5,3.5581882522210977
window_7800.csv,5,3.5724523858293105
window_7825.csv,5,4.560572938810974
window_7850.csv,5,5.086452170158179
window_7875.csv,5,7.9619398261388294
window_7900.csv,5,7.8881616020518805
window_7925.csv,5,5.496053536364219
window_7950.csv,5,5.070290011209347
window_7975.csv,5,4.627224354022357
window_800.csv,1,10.60693793029982
window_8000.csv,5,3.3937166660536566
window_8025.csv,5,3.2457931477273574
window_8050.csv,5,4.81580299317011
window_8075.csv,5,4.250954032016956
window_8100.csv,5,5.329948512079674
window_8125.csv,5,4.840286690071462
window_8150.csv,5,4.192637758285129
window_8175.csv,5,4.9391667249559825
window_8200.csv,5,5.979692319853899
window_8225.csv,5,7.524453715917781
window_825.csv,1,10.958660036446199
window_8250.csv,5,10.13284796283674
window_8275.csv,5,7.6640777076388815
window_8300.csv,5,6.259941466353568
window_8325.csv,5,7.851369556514805
window_8350.csv,5,6.988239877843201
window_8375.csv,5,2.553647476940502
window_8400.csv,5,3.311548782357169
window_8425.csv,5,4.229326468627036
window_8450.csv,5,5.795296952082213
window_8475.csv,5,6.66034270475433
window_850.csv,1,11.267515077722043
window_8500.csv,5,7.651116526536636
window_8525.csv,5,9.244601516466565
window_8550.csv,5,8.274261710446211
window_8575.csv,5,6.5169555988586865
window_8600.csv,5,5.981571435342213
window_8625.csv,5,5.921127026813055
window_8650.csv,5,7.941366311183921
window_8675.csv,5,8.583707607878052
window_8700.csv,5,7.314286904366176
window_8725.csv,5,5.135649517581625
window_875.csv,1,11.689260781742965
window_8750.csv,5,4.888104503735876
window_8775.csv,5,6.03427789010827
window_8800.csv,5,5.199670761274069
window_8825.csv,5,7.264940229338085
window_8850.csv,5,7.798076555351803
window_8875.csv,5,4.687299906182508
window_8900.csv,5,4.617384810125319
window_8925.csv,5,4.9015869323327435
window_8950.csv,5,6.030244587642947
window_8975.csv,5,6.025477424028695
window_900.csv,1,12.016896061613112
window_9000.csv,5,9.258188949455052
window_9025.csv,5,9.28604931364821
window_9050.csv,5,10.024431612112384
window_9075.csv,5,11.934663345714998
window_9100.csv,5,15.405901503641285
window_9125.csv,7,15.216838100338807
window_9150.csv,7,16.040908086316396
window_9175.csv,7,15.284614056615057
window_9200.csv,7,13.298634253368089
window_9225.csv,7,12.694731607033498
window_925.csv,1,12.274446791803562
window_9250.csv,7,11.470776451466753
window_9275.csv,7,9.239551583841786
window_9300.csv,7,10.251262994168517
window_9325.csv,7,9.508897568219503
window_9350.csv,7,9.064238286308028
window_9375.csv,7,7.028051962493702
window_9400.csv,7,7.623755260718373
window_9425.csv,7,5.880880084230106
window_9450.csv,7,5.225733897951057
window_9475.csv,7,10.862302822390912
window_950.csv,1,12.566666878248505
window_9500.csv,7,8.583883359610887
window_9525.csv,7,8.65205280274187
window_9550.csv,8,7.63413021996356
window_9575.csv,8,7.539593414898789
window_9600.csv,8,6.838928413752848
window_9625.csv,8,7.61847334890904
window_9650.csv,8,6.6826865035335405
window_9675.csv,8,7.418985094897531
window_9700.csv,8,6.477600499268803
window_9725.csv,1,9.68677245515206
window_975.csv,1,12.833704555471158
window_9750.csv,1,7.813490321125155
window_9775.csv,8,19.041254564984218
window_9800.csv,2,14.63005911150312
window_9825.csv,2,9.668868083986085
window_9850.csv,2,5.183379447257625
window_9875.csv,2,3.1510169522754583
window_9900.csv,2,6.640111643361711
window_9925.csv,2,8.973093693524813
window_9950.csv,2,10.110296830373578
window_9975.csv,7,12.333704244688
