file,cluster_id,nearest_dist,viol_count_total,viol_sev_total
window_1000.csv,0,12.436735671267323,1,5.294218985446461
window_10000.csv,2,7.533510439212183,9,30.05599387702749
window_10025.csv,2,7.8365367683016975,10,38.007766994170545
window_10050.csv,2,6.785586171755509,6,32.815053150987744
window_10075.csv,2,7.412046388295543,9,35.54598209618357
window_10100.csv,2,7.553824156277935,7,38.085092586272935
window_10125.csv,2,8.678291769878387,9,43.25833335932695
window_10150.csv,3,9.7794876249443,11,35.11576185339609
window_10175.csv,3,11.66893188959492,11,42.83810352379847
window_10200.csv,5,10.240992035535742,4,20.148301707264128
window_10225.csv,5,7.748315408832612,4,12.67499036481962
window_1025.csv,0,12.120647522801333,3,8.140554498442476
window_10250.csv,5,6.987129585926104,4,16.194024137910557
window_10275.csv,5,8.039406211896061,8,18.54917711632831
window_10300.csv,5,8.339253234811231,6,19.976045915880366
window_10325.csv,5,6.448238884167375,5,15.358449958318836
window_10350.csv,5,5.886890158814846,5,15.030111675816842
window_10375.csv,5,7.295605620753423,7,16.233130906976594
window_10400.csv,5,8.122356756290891,8,17.986332453664193
window_10425.csv,5,8.428569883496909,6,21.26338529025491
window_10450.csv,5,6.823535475343201,6,16.309860581457293
window_10475.csv,5,7.226521227819641,9,16.510178178654257
window_1050.csv,0,11.72452026070434,0,6.228405707205534
window_10500.csv,5,5.340777469574644,4,13.754391503928804
window_10525.csv,5,5.359014978853863,5,13.24365537239182
window_10550.csv,5,3.5968016630352637,3,8.83836756924114
window_10575.csv,5,5.60193874111615,6,12.702971180592074
window_10600.csv,5,4.98871521325273,6,11.912206969549846
window_10625.csv,5,6.668207484199581,5,15.812411699365729
window_10650.csv,5,4.784122788263141,4,11.84967636263167
window_10675.csv,5,4.795211349601428,5,12.267095405388536
window_10700.csv,5,4.549104027288861,4,9.08795183358902
window_10725.csv,5,5.484475716734595,5,13.753022938988028
window_1075.csv,0,11.666598205534708,0,4.196171492088916
window_10750.csv,5,5.6910414462515595,6,13.797029921180478
window_10775.csv,5,6.197396361805633,5,14.100375881849162
window_10800.csv,5,7.785923310467802,7,19.204241947625768
window_10825.csv,5,7.472173791400767,6,16.947476141878095
window_10850.csv,5,7.959518404275516,8,17.518734373371068
window_10875.csv,5,7.672288286965173,4,16.305637540877594
window_10900.csv,5,8.568153156972466,5,19.360857889660306
window_10925.csv,5,8.602132854412801,7,18.84551833702105
window_10950.csv,5,10.333532387422885,8,24.373208858322073
window_10975.csv,5,11.750695651048224,11,29.48105274553609
window_1100.csv,0,11.491124613681947,0,4.2167649157165465
window_11000.csv,8,9.836906370420262,5,21.809827568798816
window_11025.csv,8,9.856972063566348,9,21.037296332446264
window_11050.csv,8,11.621788862048907,11,24.990840496770826
window_11075.csv,8,13.26459559445155,9,30.706868652915244
window_11100.csv,8,13.692333188434604,9,28.257396438373373
window_11125.csv,8,12.989281395567472,7,26.407414579391983
window_11150.csv,8,10.839113872811293,9,22.895962887653
window_11175.csv,8,10.690523147766818,8,25.053240536620144
window_11200.csv,8,6.751605124981081,4,16.034208161987582
window_11225.csv,8,6.404585528277855,6,15.968009652223424
window_1125.csv,0,11.11048439573764,1,6.38154805414028
window_11250.csv,7,6.832965214420926,6,16.469757098424978
window_11275.csv,7,7.892921566994767,4,15.689836354295265
window_11300.csv,7,5.254508198064502,3,10.868621278060802
window_11325.csv,7,5.163235582476525,2,10.953233551802638
window_11350.csv,8,6.9629536862450525,8,15.935452132280872
window_11375.csv,8,6.652269869188082,6,15.128361774022531
window_11400.csv,7,5.4195658778527624,3,12.34867576259391
window_11425.csv,7,6.104397635921863,4,12.993832778773273
window_11450.csv,7,7.411818298747269,7,17.126561317004086
window_11475.csv,7,8.262602587087361,8,16.560367269499196
window_1150.csv,14,15.839859298876112,11,36.91670855226988
window_11500.csv,7,8.91723692256377,7,18.771846509031576
window_11525.csv,7,6.126010189543982,4,12.58835056630844
window_11550.csv,8,6.592738098506572,4,12.553556959710924
window_11575.csv,8,8.58588979039783,7,19.669259036497653
window_11600.csv,8,5.110564051494092,4,11.438222289868692
window_11625.csv,7,6.654092179906309,4,16.384099924072192
window_11650.csv,7,5.3325885638397965,3,11.652808801959686
window_11675.csv,8,5.7037390649124395,6,13.977041660063987
window_11700.csv,7,5.597629700992833,2,12.96047092326907
window_11725.csv,7,6.5945617864924,3,13.85436679895263
window_1175.csv,1,8.287648311138454,3,10.491818316652902
window_11750.csv,7,6.7158329783911626,5,15.70121020855078
window_11775.csv,7,6.690632010843715,4,15.43872218036663
window_11800.csv,7,7.328088733372468,6,15.612196418645112
window_11825.csv,7,7.032913061500946,6,16.870961504522846
window_11850.csv,7,6.574878198158071,4,13.644056477124856
window_11875.csv,7,6.551879884714185,4,13.421623816211955
window_11900.csv,7,8.06813598654657,7,17.641415461086726
window_11925.csv,8,7.060298254247964,6,15.27062849045434
window_11950.csv,8,6.561915307957104,4,13.059233595194469
window_11975.csv,8,11.010220027608664,8,25.437160129833888
window_1200.csv,1,7.278236782306336,3,9.742378284799344
window_12000.csv,7,8.095374348511577,7,16.395986844663366
window_12025.csv,7,6.125519492830416,5,13.868079146288148
window_12050.csv,7,5.872730355669374,5,12.678678894667268
window_12075.csv,7,5.287302924001375,3,11.629726994194408
window_12100.csv,7,3.764038361949277,2,8.193258930177544
window_12125.csv,10,4.897917629547434,7,19.67744788107553
window_12150.csv,10,7.00775838619143,12,27.61890224131456
window_12175.csv,1,8.09985856862727,5,11.717539193951684
window_12200.csv,1,5.700717512275802,3,9.00413649883203
window_12225.csv,1,4.458148122111727,3,9.491268101765796
window_1225.csv,1,8.075127435529145,7,13.777339759550044
window_12250.csv,1,5.717679690897214,3,11.637753596651317
window_12275.csv,1,7.837897982004683,4,13.08205597592033
window_12300.csv,2,7.725853976921092,12,28.165312795934103
window_12325.csv,2,8.437035029265518,8,28.968158136317076
window_12350.csv,2,8.619073939193852,13,31.435226270795308
window_12375.csv,2,8.721732829261663,11,29.03500559661592
window_12400.csv,2,7.480100825980658,8,21.78162834188118
window_12425.csv,2,9.350215259283706,12,40.29756106360489
window_12450.csv,2,10.112447386078935,14,50.81635293632405
window_12475.csv,7,10.700202086790467,9,19.817301338743334
window_12500.csv,7,10.607075940980796,11,18.762574140655783
window_12525.csv,7,8.222154161072533,7,18.453948002748465
window_12550.csv,7,7.489176717520021,6,15.23330454835508
window_12575.csv,7,7.748698957196571,6,15.198090669216572
window_12600.csv,7,5.500236404490621,3,11.971283779701992
window_12625.csv,7,6.2547136743451155,4,13.798336644013574
window_12650.csv,7,8.035668867872635,7,16.678322080385
window_12675.csv,8,7.965289561083529,9,18.52069940637367
window_12700.csv,8,6.471863593864504,5,12.989992405517908
window_12725.csv,7,4.8880333856334985,3,10.446381772434163
window_12750.csv,7,4.336936918136269,1,9.56139684693341
window_12775.csv,7,5.215367345602766,4,9.620608572910996
window_12800.csv,8,6.82044902200466,9,16.863192408607983
window_12825.csv,7,5.27528063820037,5,11.561441095524536
window_12850.csv,8,6.824214763469963,10,17.01356702092379
window_12875.csv,8,7.067757359645663,8,17.078571592702726
window_12900.csv,8,6.16690282172506,8,15.880285100914822
window_12925.csv,8,5.7847947609410975,6,15.464236458781537
window_12950.csv,8,4.902847249980708,3,10.809497770151264
window_12975.csv,8,5.607274649902881,6,15.734087936355582
window_1300.csv,1,8.7216649319414,4,11.288441804501144
window_13000.csv,8,5.7382370313183415,5,15.091810972768412
window_13025.csv,8,5.921937693365326,5,14.258604952604395
window_13050.csv,8,5.15651773501015,4,12.7877180220415
window_13075.csv,8,8.286398314309347,8,21.125440682518615
window_13100.csv,8,11.598438604853907,6,22.684268337172316
window_13125.csv,11,12.15264274833824,11,38.57813115207375
window_13150.csv,7,11.471085820878889,9,19.440227349720622
window_13175.csv,7,11.30697149046556,4,14.346555675608656
window_13200.csv,7,10.15365111092137,5,15.56139918553897
window_13225.csv,7,8.929142444606418,6,16.000714562803264
window_1325.csv,1,9.192179357315412,2,11.286503124213557
window_13250.csv,11,10.790124197878589,12,32.28749378914882
window_13275.csv,11,9.094131202163794,9,26.999403660533915
window_13300.csv,11,6.471649723817293,9,22.528614253972865
window_13325.csv,11,5.453141475706474,8,19.748871999253872
window_13350.csv,11,6.313152572120605,10,21.482690948681924
window_13375.csv,11,9.995273448982823,11,36.13992194618724
window_13400.csv,11,6.798597355100757,8,25.403632229710883
window_13425.csv,11,8.337381832871797,11,27.382322746056428
window_13450.csv,11,6.401161343648026,9,20.38808151417741
window_13475.csv,11,10.603949555018138,14,36.99143659118766
window_1350.csv,1,9.315765429699754,5,10.028169322158968
window_13500.csv,0,6.3240858433981435,1,8.775561863251825
window_13525.csv,0,5.952787192819117,0,6.309473283024998
window_13550.csv,0,4.055789518294648,0,4.475419436365489
window_13575.csv,0,6.599377919739455,0,6.818329219054573
window_13600.csv,0,6.8903485577083785,0,7.668460721132854
window_13625.csv,0,2.9675482905824566,1,7.339977496808669
window_13650.csv,0,2.2986524241767285,2,7.0209718756512745
window_13675.csv,0,4.156634368436059,2,8.252481764977839
window_13700.csv,0,5.663344380981905,0,6.561906855552344
window_13725.csv,0,5.094742903756239,2,7.843508243876631
window_1375.csv,2,9.081328117486608,9,34.303444917108045
window_13750.csv,0,6.596291228479619,0,5.95055728917575
window_13775.csv,0,7.226830420605207,1,7.0542588304524
window_13800.csv,0,5.172622176274115,0,5.845430712989104
window_13825.csv,0,5.774647585710303,1,7.205809388202287
window_13850.csv,0,6.584948053409298,0,8.113536508161527
window_13875.csv,0,7.952750930511184,1,6.423100173388265
window_13900.csv,0,26.616567928678705,8,14.632596956674538
window_13925.csv,0,36.54526897498679,5,14.586984186851222
window_13950.csv,0,31.588757593333987,4,12.541948629840364
window_13975.csv,0,27.001885884161776,3,10.141311605315073
window_1400.csv,2,8.67910973591824,12,38.242715617376376
window_14000.csv,0,23.042853410479395,3,8.93502022776699
window_14025.csv,0,19.44759132228994,3,8.51306837983111
window_14050.csv,0,16.22758991774633,3,7.266624042923665
window_14075.csv,0,13.375483546216554,0,6.304171004063457
window_14100.csv,0,10.865176403769803,0,6.557604462124979
window_14125.csv,0,8.660399699882435,0,4.696288255375129
window_14150.csv,0,6.897522246107241,0,5.041738586229463
window_14175.csv,0,6.305582216956126,1,6.846814451334168
window_14200.csv,0,3.338310478860377,0,3.396579035488805
window_14225.csv,0,4.234869390779957,1,6.391970372990327
window_1425.csv,2,7.9576554942907025,9,39.78922636566824
window_14250.csv,0,2.094680813437961,0,4.53668193783839
window_14275.csv,0,3.055847288267752,3,8.43810939200827
window_14300.csv,0,3.5923044456753286,3,10.361031518529616
window_14325.csv,0,3.296563779542894,3,10.3587090956789
window_14350.csv,0,1.4485657183780494,0,3.720584825691291
window_14375.csv,0,1.4439609615981694,0,2.274639564619753
window_14400.csv,0,9.188388487699436,6,15.547036635425862
window_14425.csv,0,8.42656721483997,4,12.615074444015631
window_14450.csv,0,2.8653722636260404,0,5.824530337695666
window_14475.csv,0,2.5994702455667404,1,4.583427049747351
window_1450.csv,2,6.122415437834394,8,32.24693984657342
window_14500.csv,0,2.270275372291626,0,2.3976817914616446
window_14525.csv,0,5.2240716560920255,3,7.7792277095519164
window_14550.csv,1,13.794340157154974,6,14.844456591719446
window_14575.csv,1,10.33803412882724,5,11.51579665359197
window_14600.csv,1,6.584990785030692,0,7.333443729746049
window_14625.csv,1,5.679396538934804,2,8.834771812721797
window_14650.csv,12,5.426355785077399,7,26.08998829725668
window_14675.csv,13,3.33546842839614,2,10.23350393733834
window_14700.csv,13,6.123930470646959,5,18.846885122896197
window_14725.csv,13,8.181917081305965,4,30.130574088684316
window_1475.csv,2,4.9644508771687486,7,26.57308299923381
window_14750.csv,14,6.29959225266655,7,18.035305851028472
window_14775.csv,14,5.10929278908261,7,15.420269324643764
window_14800.csv,0,9.36680282757072,8,25.183127058293195
window_14825.csv,1,14.49466434557161,4,12.629334418238066
window_14850.csv,1,12.15024055979854,5,11.885829722496608
window_14875.csv,1,8.4207183128649,3,9.36722948675458
window_14900.csv,1,8.147449666656556,5,15.560837406223214
window_14925.csv,13,3.644117207838656,3,10.060236920841517
window_14950.csv,13,3.0806008653749477,1,9.21637507188724
window_14975.csv,13,8.157783261015538,8,31.513611404697436
window_1500.csv,2,5.857554302807041,8,30.541207251870425
window_15000.csv,14,8.198851915059558,6,24.237684295535367
window_15025.csv,14,5.462068883208223,6,16.69647676638841
window_15050.csv,14,5.789434497367048,6,18.167838213830507
window_15075.csv,11,13.831378907611985,11,43.62908031918426
window_15100.csv,1,13.037461553665269,4,12.297456278675384
window_15125.csv,1,9.846485805036352,2,9.687269761069825
window_15150.csv,1,7.299048949275356,2,11.779695289655631
window_15175.csv,10,5.833631704143935,9,20.180808357728427
window_15200.csv,13,3.3887591093460556,2,9.887686522637884
window_15225.csv,13,2.806352709281645,3,9.360985807673604
window_1525.csv,2,7.018442284909822,8,27.915630738361784
window_15250.csv,13,4.812112538762522,4,16.549484417007527
window_15275.csv,14,7.755363303717428,7,22.964157604759237
window_15300.csv,14,5.625952435815355,6,17.883312260135472
window_15325.csv,11,4.519893629160736,6,14.814093518033854
window_15350.csv,11,9.588626619628185,8,32.54269942192171
window_15375.csv,1,12.354817641421771,5,11.88845893527279
window_15400.csv,1,9.504056198497654,5,12.53653433707985
window_15425.csv,1,6.822594522020099,3,12.046747599825247
window_15450.csv,12,3.5038331901957407,4,14.24259269750451
window_15475.csv,13,1.7885819882197678,1,6.091224864345019
window_1550.csv,2,6.647588523031116,9,27.863080026309863
window_15500.csv,13,5.973465856431054,7,19.99290731486933
window_15525.csv,14,9.000488762327754,9,27.707782345435447
window_15550.csv,14,5.557316770924176,4,15.174559740687268
window_15575.csv,14,3.662612090155522,3,12.354495815505116
window_15600.csv,14,10.20244504410309,8,30.71390539464591
window_15625.csv,11,16.13696480562455,14,51.00101107955383
window_15650.csv,1,11.962847173550497,5,10.36791714842852
window_15675.csv,1,8.640487708582759,2,9.015080520213616
window_15700.csv,1,6.155670414661075,3,9.93308807219385
window_15725.csv,12,2.85663294883322,3,14.840255665965216
window_1575.csv,2,7.33008274751078,6,27.604650361623573
window_15750.csv,13,2.754792806608487,1,8.097111288505863
window_15775.csv,13,2.1567808694421364,1,7.309636372672104
window_15800.csv,13,3.2874408347633857,3,10.55679058994624
window_15825.csv,13,7.907067285414373,10,31.84937741847715
window_15850.csv,14,7.639514248972028,10,25.400981371745683
window_15875.csv,14,6.525164910117822,8,21.789095970956165
window_15900.csv,11,9.250546435280205,10,28.616761011779353
window_15925.csv,11,15.248426012959673,11,48.8813284035092
window_15950.csv,1,13.695474574335789,4,12.229432695158296
window_15975.csv,1,9.969674205692945,3,9.298140317993504
window_1600.csv,8,10.267709473642531,9,26.101066515424325
window_16000.csv,1,6.837099696256638,3,9.707168609004745
window_16025.csv,13,3.520460385679531,4,11.466215910091815
window_16050.csv,13,3.671218004654043,4,11.52380455385839
window_16075.csv,13,3.6108509638754898,3,11.84483008987621
window_16100.csv,13,4.3785293963253435,7,15.38652626535373
window_16125.csv,13,4.77250278136827,5,14.72082607266556
window_16150.csv,10,4.979700935804237,7,19.910344943461823
window_16175.csv,10,4.804670515395149,6,18.73972057224136
window_16200.csv,10,4.957420027590262,8,18.62077496529504
window_16225.csv,14,6.1186155979393,7,19.39895950719325
window_1625.csv,9,10.876794909647233,12,156.87559950697462
window_16250.csv,14,6.572212455895984,10,21.28003510205022
window_16275.csv,14,5.687421563661524,10,19.522238697421617
window_16300.csv,14,4.2884986417724855,4,11.990749312629534
window_16325.csv,0,9.530196775052762,8,23.960728904046608
window_16350.csv,1,14.4738913110014,4,12.821738680919092
window_16375.csv,1,11.684444150748403,4,10.722265488467963
window_16400.csv,1,7.7462276125279566,1,8.22239063543537
window_16425.csv,12,6.544514472531855,11,32.515674351012656
window_16450.csv,13,4.019377373334358,5,11.167103030008285
window_16475.csv,13,3.128143183982056,3,9.70907040879414
window_1650.csv,8,9.224783574415827,9,22.028358495514933
window_16500.csv,13,6.07553537629872,7,17.92901128805891
window_16525.csv,13,9.488494212621704,9,34.62032353663325
window_16550.csv,14,6.017871319089177,7,18.52362353124636
window_16575.csv,14,5.125170281841315,9,16.871470589040868
window_16600.csv,11,12.009015918286057,11,40.50033658243887
window_16625.csv,1,10.802179827918811,4,11.713374380072032
window_16650.csv,1,8.061962177337712,4,12.841137743099608
window_16675.csv,12,5.63724965807628,11,28.958462024384833
window_16700.csv,13,3.340126624610623,2,10.94187628019404
window_16725.csv,13,3.643925333690708,4,11.656007502974502
window_1675.csv,2,9.532271577254846,12,37.64093742703906
window_16750.csv,13,4.509547686908082,5,15.182869237751314
window_16775.csv,10,4.752244165885677,8,18.90745457446076
window_16800.csv,10,5.109056460738553,7,18.625885399078825
window_16825.csv,10,5.251653795827593,8,17.126795127742845
window_16850.csv,14,7.219747209050578,8,23.564694041061923
window_16875.csv,14,6.475861529598966,8,18.96717051938197
window_16900.csv,11,4.870304278658205,7,15.595528464758932
window_16925.csv,11,2.6840397541239973,1,8.65708654447382
window_16950.csv,11,8.535970743265924,10,26.34567402827184
window_16975.csv,11,15.467017247529354,13,48.116056147664494
window_1700.csv,2,8.699962349057628,12,32.33541317611375
window_17000.csv,1,12.701702320440145,5,13.104429947295634
window_17025.csv,1,9.01603759392043,4,12.85105346515261
window_17050.csv,12,5.2534073648969315,10,30.56818755109295
window_17075.csv,13,4.445682904244879,3,14.680147677356295
window_17100.csv,13,4.895379809993364,7,15.93320910657869
window_17125.csv,13,4.750414055094479,5,15.36654273434191
window_17150.csv,10,5.941885282918598,11,25.140719362148083
window_17175.csv,14,7.318586182361078,8,23.085384227835902
window_17200.csv,14,7.021169338496798,9,24.31573268610487
window_17225.csv,14,5.151616910976758,7,14.750266966672482
window_1725.csv,2,8.179263635342947,7,24.199421392959252
window_17250.csv,11,4.310693812675071,6,15.83513045224102
window_17275.csv,0,9.166272514545994,7,16.52036443433783
window_17300.csv,11,15.571758383501273,11,43.496440639057376
window_17325.csv,1,12.617558743348082,4,11.246881926503503
window_17350.csv,1,8.437084036676177,2,9.718692969658186
window_17375.csv,12,5.771365759351908,9,27.634989529826864
window_17400.csv,13,4.140836667636444,4,11.075950919437688
window_17425.csv,13,3.7623980561383568,4,11.481918738211744
window_17450.csv,13,3.929056229744393,3,13.737351402875731
window_17475.csv,10,5.574135007125966,10,21.860387927105876
window_1750.csv,3,6.489989845274174,5,12.847077078525764
window_17500.csv,10,5.156706692319353,7,16.507053464928642
window_17550.csv,10,4.325331172544274,6,18.094557894010222
window_17575.csv,10,4.6576311989724735,9,18.092561533092056
window_17600.csv,10,5.204821676206038,10,18.954357917908577
window_17625.csv,10,5.585530906685754,10,22.477506382623663
window_17650.csv,14,7.681103673375189,9,24.83782503385387
window_17675.csv,14,6.843345409521753,10,24.37658823052042
window_17700.csv,14,4.723651113386909,5,13.99047974442826
window_17725.csv,11,2.0401584187731014,0,7.170328060345833
window_1775.csv,3,4.647786873549897,3,9.926700188155552
window_17750.csv,11,2.1637801572592257,0,8.260255868938058
window_17775.csv,14,6.555256778360024,6,19.10983042496631
window_17800.csv,11,15.031302749966065,14,50.824678676998595
window_17825.csv,1,12.410800317985611,6,12.334779487348785
window_17850.csv,1,9.506267532688211,3,12.96772052250973
window_17875.csv,1,5.19702555890193,0,6.480043463688591
window_17900.csv,12,3.486046719441985,8,20.808786328536296
window_17925.csv,13,6.7442249911590615,9,19.595028412420163
window_17950.csv,13,7.47085320777477,4,27.698174547005497
window_17975.csv,14,6.568364560354317,7,17.63736691810668
window_1800.csv,3,4.864190196166435,5,14.649252968711938
window_18000.csv,14,4.44818903948243,6,14.14318049536807
window_18025.csv,14,7.359067937498042,10,22.38640594241972
window_18050.csv,11,15.4843448893368,13,52.95642287456048
window_18075.csv,1,11.217139949637648,4,9.666458882231778
window_18100.csv,1,7.848925418059734,0,6.5023953120572875
window_18125.csv,1,6.119370161163213,4,11.953602277183586
window_18150.csv,13,3.273499019013723,3,8.764673699428956
window_18175.csv,13,3.623749102351025,3,9.876895506492854
window_18200.csv,13,4.915499559017162,6,13.334303681627976
window_18225.csv,10,6.658581145299027,10,25.33626022913648
window_1825.csv,3,8.204829052878985,8,32.17153581938145
window_18250.csv,10,4.29005927425573,5,14.548043548944886
window_18275.csv,10,5.9470576210830535,12,25.789893279072228
window_18300.csv,10,4.829208928350174,8,19.074617938258186
window_18325.csv,10,4.143909039163897,6,16.507355686406076
window_18350.csv,10,5.1882874730441655,7,22.460938142977547
window_18375.csv,10,5.9393028731097015,8,23.22430779233202
window_18400.csv,14,6.449189377087723,9,20.30039093905849
window_18425.csv,14,4.858352354372033,7,16.254082478255157
window_18450.csv,14,3.3067331173125227,4,9.860983118531705
window_18475.csv,14,3.193141292499083,2,8.354261897624237
window_1850.csv,3,7.088587816508823,6,22.695611384928824
window_18500.csv,14,2.9807158823726576,1,7.417675697894773
window_18525.csv,14,2.0010275346044035,2,6.396235781478097
window_18550.csv,14,7.486471180905439,7,21.27047329517935
window_18575.csv,14,14.462885214163444,9,28.36087208322664
window_18600.csv,1,8.96297674087636,1,7.950463465621829
window_18625.csv,1,5.499516143986737,0,5.529683602428005
window_18650.csv,1,6.400595733216928,6,12.675752535735633
window_18675.csv,13,4.389045261334458,6,14.27949398110384
window_18700.csv,13,3.721053882691861,3,8.230693697465474
window_18725.csv,13,8.055276830607042,9,29.40626500718303
window_1875.csv,3,7.402976423104963,10,25.595094241958893
window_18750.csv,14,7.489868687555055,9,23.361112648788417
window_18775.csv,14,4.317087425576949,4,11.219446808412725
window_18800.csv,14,3.545788223754226,2,9.15479562732028
window_18825.csv,14,3.919993257939433,3,11.45934491441067
window_18850.csv,0,10.776207991790896,6,22.361281922192383
window_18875.csv,1,12.328970760549034,6,11.397559411236555
window_18900.csv,1,8.845275865893498,1,9.342937129750464
window_18925.csv,1,6.549007403051989,2,10.462650214903476
window_18950.csv,12,5.812441708032496,8,23.77750080003307
window_18975.csv,13,2.5859056999515384,1,7.417861408816043
window_1900.csv,3,8.595874059811212,8,26.61743452300649
window_19000.csv,13,3.471369803872287,3,9.972086344968904
window_19025.csv,13,4.858841243793743,7,16.4109744880482
window_19050.csv,10,6.448615930042202,11,25.06219306577955
window_19075.csv,10,7.303218100029361,9,29.286917433672915
window_19100.csv,10,5.087988507206005,6,18.744204742224134
window_19125.csv,10,5.41144801758082,5,20.797936524812
window_19150.csv,10,5.20186376749223,10,19.01570721402393
window_19175.csv,10,6.017876828368892,12,24.71866223675554
window_19200.csv,14,6.747813013226307,6,20.21107700036214
window_19225.csv,14,5.574027196012869,4,18.496318714215235
window_1925.csv,3,9.492858286330511,9,27.37258920382452
window_19250.csv,14,3.614680809738892,4,11.14623442407374
window_19275.csv,14,2.6592903441653193,1,7.077699103976437
window_19300.csv,14,3.7486221111953735,5,10.90849131894258
window_19325.csv,14,3.340461646751059,2,10.208370261001722
window_19350.csv,14,12.515851239687048,13,39.09579690297648
window_19375.csv,1,10.956899781642308,4,9.554418057720184
window_19400.csv,1,7.735652797061603,0,8.355487594679394
window_19425.csv,1,5.466747142575464,4,9.279163188173106
window_19450.csv,13,3.0078445923112977,0,9.174026616126651
window_19475.csv,13,4.34021916905958,5,13.032609549612314
window_1950.csv,3,9.542807590052767,7,21.261937683799793
window_19500.csv,13,4.029973818013554,5,13.581626063329958
window_19525.csv,13,4.503503675689008,6,14.127405421237134
window_19550.csv,13,4.712935579755774,7,15.691438341561405
window_19575.csv,10,5.332830488585206,11,22.628001205823168
window_19600.csv,10,5.478773572159537,9,24.77444158442952
window_19625.csv,12,7.766580999464506,10,46.95032350323784
window_19650.csv,14,7.220891062700568,6,17.52047164352939
window_19675.csv,14,7.476620047157295,10,23.06088630707962
window_19700.csv,14,5.426593270170142,8,17.63629407007677
window_19725.csv,11,5.429838009155562,8,16.548723804385215
window_1975.csv,6,9.660661924534503,6,20.612792455666195
window_19750.csv,0,4.433180830840532,2,8.847772768471566
window_19775.csv,0,3.771263829938812,3,8.944687712686386
window_19800.csv,0,5.289197765283851,0,5.580410380239737
window_19825.csv,0,2.701655372975465,0,5.884565109749503
window_19850.csv,0,3.5931319675029285,2,7.856677693379646
window_19875.csv,0,3.722695129421852,0,5.536576019166454
window_19900.csv,0,2.888998513731522,2,8.06851266601039
window_19925.csv,0,3.240436932804064,1,6.562489846401811
window_19950.csv,0,3.4777536762479246,1,6.159328450071873
window_19975.csv,0,3.547451976045644,0,4.812680231871214
window_2000.csv,6,9.426530131165288,8,20.998327896698477
window_20000.csv,0,3.697778464861424,0,3.280074368236863
window_20025.csv,0,4.177734795889535,0,3.895412077945576
window_20050.csv,0,4.84704780321599,2,7.24560400195141
window_20075.csv,0,5.177236493408663,0,5.171369791859917
window_20100.csv,0,5.498513564919796,0,2.9333698314530103
window_20125.csv,0,5.897115309386778,0,3.778292886468903
window_20150.csv,0,6.293745468491632,0,3.699907760758123
window_20175.csv,0,6.594523531485145,0,4.785705584800099
window_20200.csv,0,8.14667865666692,3,8.744497094432651
window_20225.csv,0,8.741577763509484,2,7.332054556332267
window_2025.csv,6,10.381245694974911,11,26.77891038839767
window_20250.csv,0,9.345239340212386,1,8.072063506753546
window_20275.csv,0,8.576080130887894,1,6.1082221252649065
window_20300.csv,0,7.316341041011394,0,6.180098527670554
window_20325.csv,0,2.2469624634613172,2,6.23612511247773
window_20350.csv,0,25.45073356437138,3,9.79475659328831
window_20375.csv,0,21.549573949919047,3,10.007766285155547
window_20400.csv,0,17.682239589279174,3,6.98896305911757
window_20425.csv,0,14.45640514187584,2,6.15981525813031
window_20450.csv,0,11.58012798817146,0,4.708510739713373
window_20475.csv,0,9.232343683857977,0,4.9926835738137765
window_2050.csv,6,7.867606889892377,6,22.570909561405113
window_20500.csv,0,7.259276733213048,0,4.121158183041736
window_20525.csv,0,5.6846982306571165,0,3.916927543606696
window_20550.csv,0,4.1719582096741865,0,2.995008303500436
window_20575.csv,0,3.0046880690293505,0,2.4837586537969196
window_20600.csv,0,4.079172876541671,0,5.713110215111659
window_20625.csv,0,1.9069989900197877,0,5.638734472510908
window_20650.csv,0,3.772781984709526,0,4.872670500027551
window_20675.csv,0,2.0804926273944835,1,6.283206719643287
window_20700.csv,0,4.6206681093120165,3,9.961331001322373
window_20725.csv,0,6.206309139078515,2,10.268992974433155
window_2075.csv,6,6.033911046851842,7,17.516989624477876
window_20750.csv,0,6.009028211121621,0,6.990403697930702
window_20775.csv,0,5.442821939766159,2,8.17998470421956
window_20800.csv,0,4.393979078881639,3,8.099353441398865
window_20825.csv,0,6.761984498146889,0,6.668934512413351
window_20850.csv,0,3.278399596434137,1,5.127203615180347
window_20875.csv,0,5.715244137093693,0,5.201314497347317
window_20900.csv,0,7.039059169696381,0,7.7370352937032605
window_20925.csv,0,7.201235742088361,1,8.63773965513142
window_20950.csv,0,3.762438157893592,0,5.168012965149325
window_20975.csv,14,9.771975729240603,7,26.664661929718157
window_2100.csv,6,5.324922951053534,5,15.491655602674406
window_21000.csv,14,9.222048815554356,7,27.869166724915527
window_21025.csv,0,6.510628753547752,1,5.065015766961894
window_21050.csv,0,7.622226819687287,1,7.279547415538381
window_21075.csv,0,7.50719076642191,1,5.846672179553982
window_21100.csv,0,8.188128352593331,2,9.986089097119171
window_21125.csv,14,15.611373478298496,11,35.61836110139678
window_21150.csv,1,8.175413796969059,2,9.900845108352776
window_21175.csv,1,5.589335758486971,1,7.283931244958657
window_21200.csv,1,4.6481718829543714,1,5.770286959375284
window_21225.csv,1,4.993679390142089,1,5.980868863508594
window_2125.csv,6,5.151163403217791,7,15.214017954939017
window_21250.csv,1,5.741582825484411,1,5.594219881331007
window_21275.csv,1,7.0891456736266285,1,7.460780362409151
window_21300.csv,1,8.340850186445298,1,6.972545416872025
window_21325.csv,2,8.439509214713842,11,39.03638415152171
window_21350.csv,2,6.4241889144655095,8,29.338023274616265
window_21375.csv,2,5.860187212706364,9,30.183244086033376
window_21400.csv,2,7.879484410588211,10,41.02579732970602
window_21425.csv,2,7.263141143865332,7,33.411867089414045
window_21450.csv,8,7.653522418191998,4,14.555727738559558
window_21475.csv,8,5.4431773868436775,3,10.414958203192874
window_2150.csv,6,5.151516332745674,8,14.82979310097171
window_21500.csv,8,4.215143177057209,3,8.498238083961908
window_21525.csv,8,4.079346122120402,4,9.912532695571487
window_21550.csv,8,3.917550060377752,2,8.563612257472556
window_21575.csv,8,3.1868301389646447,2,5.944166982825387
window_21600.csv,8,3.4243753529950256,3,8.153502507389284
window_21625.csv,8,3.2784503212340033,2,7.83834380340693
window_21650.csv,8,3.037155991645186,1,6.381475111473596
window_21675.csv,8,3.104567867600947,0,7.171436799454936
window_21700.csv,8,2.236934227418973,1,5.276665104420549
window_21725.csv,8,2.4503156892393765,1,5.491603244192256
window_2175.csv,6,6.202130820956652,5,16.772698937835592
window_21750.csv,8,2.8762215302329897,0,6.399886483518057
window_21775.csv,8,2.471811128466714,0,6.159553377714814
window_21800.csv,8,3.697693460369475,2,8.896048259776737
window_21825.csv,8,3.081938393368087,0,7.737216921322728
window_21850.csv,8,2.5153266371146006,2,6.501783922572561
window_21875.csv,8,3.4080155345613483,1,8.298413718945378
window_21900.csv,8,3.466220048279246,3,8.446615863954287
window_21925.csv,8,3.1473370177771898,1,7.62166736456583
window_21950.csv,8,2.6691539324348454,1,6.563234535011649
window_21975.csv,8,2.835782414221838,1,6.901070540109004
window_2200.csv,6,5.799240185896559,6,13.941131717559209
window_22000.csv,8,4.231374171788431,3,10.379327990696218
window_22025.csv,8,2.9758638270934887,1,7.35746017089057
window_22050.csv,8,3.584240524990135,2,8.551126168015545
window_22075.csv,8,2.582007326262162,0,6.162179861380153
window_22100.csv,8,2.7825921710646875,1,6.543278066807915
window_22125.csv,8,3.5870856361324823,1,9.393584095883517
window_22150.csv,8,4.356506197917468,3,9.456401942462046
window_22175.csv,8,3.7304595671629737,2,8.130620261452709
window_22200.csv,8,4.378023805349251,3,10.660399497406877
window_22225.csv,8,2.6487927832803666,1,6.754100237354596
window_2225.csv,6,4.844577022032161,4,11.17103937774112
window_22250.csv,8,2.626270041877215,1,6.561101972222715
window_22275.csv,8,4.003248570984437,3,10.135376149075157
window_22300.csv,8,4.659911306124848,6,10.998601948606057
window_22325.csv,8,4.182975585186051,3,10.11367802131659
window_22350.csv,8,4.084266402953747,4,9.875075172246063
window_22375.csv,8,3.3230797953750004,3,8.776317591780044
window_22400.csv,8,2.5663400858410848,2,6.581239688019667
window_22425.csv,8,2.0976508116011474,1,5.224246638935653
window_22450.csv,8,3.5261237896876176,1,9.900677178618643
window_22475.csv,8,3.356898376952018,1,8.602927477145629
window_2250.csv,6,5.526572967213302,5,13.895801382222407
window_22500.csv,8,4.699444456030305,3,11.310478338004206
window_22525.csv,8,4.335413359063459,5,11.271343095630474
window_22550.csv,8,6.298646032825946,4,15.152733093999306
window_22575.csv,8,5.508933752547296,6,11.969135090702745
window_22600.csv,8,3.808547016171034,3,8.749756480776734
window_22625.csv,8,2.5119698545645863,1,5.07870866682092
window_22650.csv,8,3.0312304241470094,2,6.92785636674109
window_22675.csv,8,3.4103259002770936,2,8.51445605457935
window_22700.csv,8,3.289238099032691,2,8.39664093258584
window_22725.csv,8,3.701718616216664,3,7.7723812070742335
window_2275.csv,6,4.901043855508004,4,14.66946423768224
window_22750.csv,8,4.167939624050784,3,9.364007749146158
window_22775.csv,8,2.851867386289999,0,6.139288671950683
window_22800.csv,8,3.185728344304667,0,7.776904179523644
window_22825.csv,8,4.913961351447812,2,9.452259928838552
window_22850.csv,8,4.867742550138686,3,11.583864993284388
window_22875.csv,8,3.3583796266138783,2,7.477245177747797
window_22900.csv,8,3.865756681131276,3,8.610401686480449
window_22925.csv,8,3.4602093210917952,2,9.145483222665677
window_22950.csv,8,5.914341610290492,6,13.852551969241595
window_22975.csv,8,7.983379692309711,7,17.296154358865337
window_2300.csv,6,4.812045089817574,5,14.595613112968266
window_23000.csv,8,6.860596355777733,5,15.70398403131003
window_23025.csv,8,4.540863283674678,3,9.38104932068211
window_23050.csv,8,3.866200274025573,2,7.892940649322948
window_23075.csv,8,5.106166333569785,2,12.201004513828416
window_23100.csv,8,4.425479523027664,3,9.095937019572638
window_23125.csv,8,5.548206165346883,5,13.942888177223525
window_23150.csv,8,10.867933610822895,6,21.524892392788107
window_23175.csv,8,9.79654965979234,4,18.565082972634645
window_23200.csv,8,9.134267866321776,3,16.739007765457497
window_23225.csv,8,8.891966391953321,4,15.986063868630875
window_2325.csv,6,5.663005413424811,6,17.5613486034107
window_23250.csv,8,7.862314471263653,5,15.565070213442374
window_23275.csv,8,7.032265215066566,5,14.247438430239017
window_23300.csv,8,8.00388870367466,4,14.926566406641385
window_23325.csv,8,7.866579030936821,4,15.822941989792705
window_23350.csv,8,6.4302592237904355,5,14.96285528653013
window_23375.csv,8,7.165626209202565,5,15.169604112958533
window_23400.csv,8,8.746257249977877,6,16.904914178654582
window_23425.csv,8,14.575777434794972,5,28.311135927119153
window_23450.csv,0,19.36101190502144,3,12.020003038673112
window_23475.csv,8,13.900805262830136,8,31.735109957744523
window_2350.csv,6,6.595684543418516,8,19.64507320847738
window_23500.csv,8,9.289006932284284,3,15.853782678301016
window_23525.csv,8,9.297045617635575,6,19.943058490183997
window_23550.csv,8,7.71837383628464,5,14.38557991198713
window_23575.csv,8,6.077955906438512,5,13.022784283956891
window_23600.csv,8,7.375538668746415,6,17.67413804984224
window_23625.csv,9,6.10419998061485,7,78.3669108503388
window_23650.csv,8,6.96514328792171,4,11.972131924213109
window_23675.csv,8,6.8955123778476075,3,11.851505265372117
window_23700.csv,8,6.602053473800357,4,12.919014277388852
window_23725.csv,8,5.349632709783413,4,9.495637934261822
window_2375.csv,6,5.455379310580474,4,12.683558879452692
window_23750.csv,8,5.4383908790904405,3,11.742047796075916
window_23775.csv,8,5.369091405990911,3,10.46378760300901
window_23800.csv,8,5.667103133009521,3,11.493033330063648
window_23825.csv,8,7.384871536718731,4,16.49614905725884
window_23850.csv,8,8.64108252281769,5,18.01914628408021
window_23875.csv,7,9.57598410451138,5,12.1825624684073
window_23900.csv,11,8.656790992736154,6,19.097302877870305
window_23925.csv,11,7.798577025207209,8,21.717301554246017
window_23950.csv,11,7.312403936818707,9,23.506117243466875
window_23975.csv,11,6.477689843533158,6,19.568223204844788
window_2400.csv,6,5.684374986876867,4,13.806924366934616
window_24000.csv,11,6.327095993259564,7,21.003586897217577
window_24025.csv,11,6.270242183974474,8,20.454689687907848
window_24050.csv,11,6.6144048564340965,8,21.291018635360945
window_24075.csv,11,5.9193669023634135,6,16.953424901254966
window_24100.csv,11,5.131465218577348,5,17.25259420021621
window_24125.csv,0,6.48932619005121,5,12.42637037642293
window_24150.csv,11,17.567329185451047,13,50.012917141091286
window_24175.csv,1,15.555540061298508,7,16.94113408077655
window_24200.csv,1,10.744625065350236,3,9.193601648655536
window_24225.csv,1,6.0945357163398,0,6.788243449578916
window_2425.csv,6,5.582027716234119,4,14.981068516567271
window_24250.csv,12,4.781903510175233,7,24.648688317865012
window_24275.csv,13,4.246003404112703,5,13.132876678244342
window_24300.csv,13,3.4777180914669517,4,11.466723684590717
window_24325.csv,13,6.4871089973753175,8,22.955351044393566
window_24350.csv,13,8.538311717062484,6,30.25578974517717
window_24375.csv,14,5.818205950709353,4,15.437222238150234
window_24400.csv,14,3.054285492590629,2,9.624508396819651
window_24425.csv,14,7.259020451177984,8,21.037505458327757
window_24450.csv,0,6.26284415526814,5,15.475769587993804
window_24475.csv,1,15.206037319538376,8,18.25858516398708
window_2450.csv,6,5.6160962308244375,4,13.11936577217026
window_24500.csv,1,11.475902228365165,5,11.325955922195469
window_24525.csv,1,7.176052059511219,0,6.2195301788068775
window_24550.csv,1,4.877165472971555,1,8.145873082713376
window_24575.csv,12,5.096171699900569,9,28.373407740096596
window_24600.csv,13,3.2252323365770317,6,10.36505859150912
window_24625.csv,13,5.487296370737413,8,19.956488346479023
window_24650.csv,13,9.292631677131483,7,37.0389936674923
window_24675.csv,14,8.446144522772668,6,24.941771229157805
window_24700.csv,14,4.618098364604394,5,13.874233219088474
window_24725.csv,0,8.809130801844995,7,20.467083401598785
window_2475.csv,6,6.6152820426120975,7,17.30715167357205
window_24750.csv,0,15.034495079483436,7,29.00844908427513
window_24775.csv,1,13.935943442377942,6,17.176668769101454
window_24800.csv,1,9.407967388783046,3,9.19537003556285
window_24825.csv,1,5.302603335331511,1,6.338039355994354
window_24850.csv,1,3.043253677861968,1,5.48091297552667
window_24875.csv,1,2.8780363499914063,0,4.855654407968515
window_24900.csv,1,5.997591548619491,4,10.574872412553336
window_24925.csv,13,9.052298866980008,8,34.92658171329272
window_24950.csv,13,8.505886868439998,5,31.557626923127977
window_24975.csv,1,7.918445819505816,2,9.749604132916822
window_2500.csv,6,7.461316096620274,9,19.854615014881308
window_25000.csv,7,7.293690816452188,2,9.51715323253446
window_25025.csv,7,5.529805909554374,2,7.485509209115557
window_25050.csv,7,4.222014109566657,3,5.748750122637812
window_25075.csv,7,3.8384209500554256,1,5.174291056106264
window_25100.csv,7,3.575213009772119,1,4.558604546198334
window_25125.csv,7,3.4654914291556778,0,4.530685762638136
window_25150.csv,7,3.5718492425062003,0,5.243740862030783
window_25175.csv,7,3.044366801330774,0,3.8673879109161913
window_25200.csv,7,2.8488519979623947,0,3.432960216553154
window_25225.csv,7,2.903687668114447,0,3.4418630702448043
window_2525.csv,6,7.503606662329211,6,18.872291697431212
window_25250.csv,7,2.788892804958029,0,2.97966599963304
window_25275.csv,7,3.016178934720854,0,3.4310292212802804
window_25300.csv,7,2.9697836878341897,0,3.694386886878216
window_25325.csv,7,2.8782094164139975,0,3.5340195012927147
window_25350.csv,7,3.4743616452032797,0,5.492545445137627
window_25375.csv,7,3.393680825212914,0,6.133153467214384
window_25400.csv,7,3.0728054667827784,0,4.579886782399594
window_25425.csv,7,3.4222434816581004,0,5.910949686532742
window_25450.csv,7,3.666253950756896,1,5.765352180193643
window_25475.csv,10,3.8873338492367258,6,15.089700228685746
window_2550.csv,6,7.210515342227764,6,18.140259779609032
window_25500.csv,10,4.342177134401822,6,16.5389864011603
window_25525.csv,10,3.3139047449113175,5,12.417411507937466
window_25550.csv,10,3.867979830995497,3,13.414156218981317
window_25575.csv,10,5.514852198034515,6,21.786590559338897
window_25600.csv,14,10.87557717244768,8,37.298829190116706
window_25625.csv,0,13.16038763236086,7,20.62728440493689
window_25650.csv,11,6.424553514380198,6,21.35904150846017
window_25675.csv,11,4.6365606000968445,7,16.356072178356705
window_25700.csv,11,8.219513362743879,8,24.311770087590567
window_25725.csv,0,6.740245459557153,3,12.356032826371342
window_2575.csv,6,5.824523969876828,5,15.150821304744538
window_25750.csv,0,5.16103089864392,2,7.969963298900158
window_25775.csv,0,4.768599026362269,2,7.820037279257189
window_25800.csv,0,4.644394466578982,3,9.506622459821491
window_25825.csv,0,3.883380910539634,2,8.202395307335715
window_25850.csv,0,5.955113317204066,2,9.146783133906789
window_25875.csv,0,3.4637728158084182,3,9.157619209160902
window_25900.csv,0,5.04224078196244,3,8.043842248334846
window_25925.csv,0,3.8106933664449025,2,8.62072236074543
window_25950.csv,0,4.180293113072276,0,4.642282933375029
window_25975.csv,0,4.819532621499261,0,5.521985547812927
window_2600.csv,6,6.39346925073177,4,15.546050282418356
window_26000.csv,0,7.929095818002447,2,7.93319884148502
window_2625.csv,6,7.377514527702984,8,21.330980760166476
window_2650.csv,6,6.788608314847565,8,18.13355466878567
window_2675.csv,6,6.667916885049665,6,17.084967542548572
window_2700.csv,6,6.769729843062811,6,18.005547247074162
window_2725.csv,6,6.133169624707272,8,18.08955134471656
window_2750.csv,6,5.51097479062201,4,16.68477387384239
window_2775.csv,5,7.0958792852644645,4,16.402851737035874
window_2800.csv,6,7.800104537560044,6,20.913343430162502
window_2825.csv,6,4.789657531501437,5,14.396735548182278
window_2850.csv,6,5.847549580783998,6,16.21150879640932
window_2875.csv,6,7.305910952751155,7,21.831585671317573
window_2900.csv,6,6.951429166334105,8,21.74257715140708
window_2925.csv,6,5.245831706657438,5,16.2712218229617
window_2950.csv,6,5.809573135032013,6,19.43600643019384
window_2975.csv,6,5.951035114843967,5,19.025912702317292
window_3000.csv,6,8.237194714255082,11,24.74856026991652
window_3025.csv,6,7.693716432548169,7,20.10457401388266
window_3050.csv,6,20.50810286382524,12,55.773634469124445
window_3075.csv,6,16.3525660858956,12,40.21247615529871
window_3100.csv,6,7.463218003663202,7,18.651990137395963
window_3125.csv,6,16.62717595704191,10,40.71870238554222
window_3150.csv,6,22.48486246842787,14,63.288791581901606
window_3175.csv,6,8.371722174315329,6,23.743750321981185
window_3200.csv,6,6.484447298347713,5,19.731432345479583
window_3225.csv,6,17.38534943155788,11,44.23966450284148
window_325.csv,0,5.493254815306699,3,9.287019774098924
window_3250.csv,6,18.797607546252852,14,52.69804295188949
window_3275.csv,6,6.624005143707496,3,15.712276975626654
window_3300.csv,6,6.367445209715167,5,13.290324736191748
window_3325.csv,6,6.437945146875052,5,13.009496431542468
window_3350.csv,6,6.154501141791961,3,11.441923957179124
window_3375.csv,6,7.059746288420146,7,17.246508346549497
window_3400.csv,6,6.731346920764345,7,15.132233083830627
window_3425.csv,6,6.110543112900708,3,11.553583904246793
window_3450.csv,6,6.976737293885619,6,15.314750360729212
window_3475.csv,6,6.277224153284644,4,13.473927119301154
window_350.csv,0,5.801706791798498,1,7.825101542747749
window_3500.csv,6,5.534628033730767,3,11.937691451760797
window_3525.csv,6,5.956847336466327,6,12.755947611525622
window_3550.csv,6,5.166711464831387,3,9.494670600635484
window_3575.csv,6,5.24903591970124,3,9.47832373732932
window_3600.csv,6,5.596272686827903,2,10.613981630404208
window_3625.csv,6,6.441566162339293,5,14.539346195600544
window_3650.csv,6,5.551702558747413,3,12.703386657140934
window_3675.csv,5,5.8010377656615075,4,14.40709210614642
window_3700.csv,5,5.259115625160725,4,13.15026342756149
window_3725.csv,5,5.4893129996866605,5,13.740075150657322
window_3750.csv,5,6.991128545798426,7,17.797890669481955
window_3775.csv,5,5.25185995416309,3,13.59931379843887
window_3800.csv,5,6.392523932997443,6,17.165133298472576
window_3825.csv,5,6.284826392008033,3,16.66342437934977
window_3850.csv,5,6.825552041684289,3,16.67105316018219
window_3875.csv,5,8.894606138159281,4,22.127562723836732
window_3900.csv,8,9.12631545061158,3,15.23744877737909
window_3925.csv,8,9.822323700620796,6,18.403718964867455
window_3950.csv,8,10.043075719592418,7,21.206450915687487
window_3975.csv,8,10.680860204963151,8,23.744456009718295
window_400.csv,0,5.200289469348143,1,5.97014434077698
window_4000.csv,8,10.336112413077034,7,23.491985211762405
window_4025.csv,7,10.661672708918156,6,17.762180751141322
window_4050.csv,7,9.072279518321144,3,12.469804669190797
window_4075.csv,7,8.279555989751865,5,14.07221502312882
window_4100.csv,7,7.86354873988944,4,13.951823335929818
window_4125.csv,10,7.255087854552245,9,23.422501272810408
window_4150.csv,10,6.05399116585669,7,20.412401545251058
window_4175.csv,7,6.147284483013154,3,11.556239706485966
window_4200.csv,7,5.337782399569745,4,10.405028935442392
window_4225.csv,7,5.42380263635941,3,9.057991357790634
window_425.csv,0,6.16248354917262,4,11.872555526095985
window_4250.csv,10,4.8522496696960085,7,18.992602569757615
window_4275.csv,7,4.99268940025862,1,8.564523756683798
window_4300.csv,7,6.1719390243314916,6,12.07578751165537
window_4325.csv,10,7.130174560802885,13,30.604662315565836
window_4350.csv,10,5.352076251679269,8,22.519871447055372
window_4375.csv,7,4.538407025077632,0,9.10302928207259
window_4400.csv,7,6.4959730196462075,7,12.511737309730409
window_4425.csv,10,5.306970325485905,6,20.145503877482977
window_4450.csv,10,6.424789394629838,10,27.147246681363665
window_4475.csv,10,6.5374436366702495,9,22.74899342692959
window_4500.csv,10,6.230459307160182,9,21.3313999631322
window_4525.csv,14,6.773469909061138,6,21.131188866538373
window_4550.csv,14,7.110500616696857,9,21.932877681985115
window_4575.csv,14,6.994920018621498,9,22.67967313876335
window_4600.csv,14,5.167294765312384,5,14.653623614874665
window_4625.csv,14,5.904681733192469,7,17.9914126911017
window_4650.csv,14,4.75910674363594,7,14.374320003856782
window_4675.csv,14,3.724966335328934,4,10.974533336016302
window_4700.csv,14,4.633774746827328,5,11.935408942880738
window_4725.csv,14,4.53366367575191,3,11.441374039628183
window_4750.csv,14,9.716666911143584,11,26.232037995021344
window_4775.csv,1,10.271383247677042,2,9.526901433491378
window_4800.csv,1,7.568283351563937,4,10.903711152589716
window_4825.csv,1,7.630965817236241,10,17.420906175937308
window_4850.csv,12,7.805668660919454,12,42.78767290636034
window_4875.csv,13,4.852916111437316,6,18.25454810053293
window_4900.csv,13,3.2706307621321953,3,9.703329717486938
window_4925.csv,13,3.954851939116681,5,11.635215031788118
window_4950.csv,13,5.568400222580342,7,19.549839965552515
window_4975.csv,14,8.465338504474579,8,22.93226562896271
window_50.csv,0,16.825618584574983,2,7.549445820669954
window_5000.csv,14,7.520979339077245,7,24.11052048261671
window_5025.csv,14,4.158496699169806,3,12.15597361298142
window_5050.csv,14,4.855977875566498,5,15.371512844498792
window_5075.csv,0,12.988509665460624,9,31.04045889761153
window_5100.csv,1,12.138686481700525,5,11.31606396146358
window_5125.csv,1,9.059050426094585,2,11.424265401141794
window_5150.csv,1,5.764004146021511,3,9.666407679756515
window_5175.csv,12,5.302520218082338,10,30.609014686451943
window_5200.csv,13,6.408151425863226,5,23.019354732794824
window_5225.csv,13,6.01599072755196,7,22.600268866103303
window_5250.csv,13,4.764451636573435,3,13.159963313326612
window_5275.csv,13,3.7617587681578737,6,12.609567041026152
window_5300.csv,13,4.900041551812922,6,16.121441164319425
window_5325.csv,13,5.219976625798824,3,16.897514681785566
window_5350.csv,10,6.480866553121457,11,26.88280636774838
window_5375.csv,14,8.209553394416192,11,26.83483009580511
window_5400.csv,14,6.168667134908157,4,17.691887370987004
window_5425.csv,14,5.282642133544019,9,17.67364317417465
window_5450.csv,14,7.43202738656665,6,19.981315373969533
window_5475.csv,14,4.2926504403997585,5,12.360689886478378
window_5500.csv,14,7.923281644439087,10,25.51079721045899
window_5525.csv,14,16.38838976080934,12,35.996773344276676
window_5550.csv,1,10.362079570131812,5,12.403208700208433
window_5575.csv,1,6.881317020488809,2,9.128192102417966
window_5600.csv,1,4.662828836354528,2,7.761650777412419
window_5625.csv,1,8.378155196348013,6,16.551341439482947
window_5650.csv,12,9.330458493552564,12,51.826503313348866
window_5675.csv,13,9.485242298824351,7,30.897108775865604
window_5700.csv,13,4.743753791399425,6,12.714607389345511
window_5725.csv,13,4.333087956950383,7,14.038232174203486
window_575.csv,0,5.096864770779614,1,5.092602867837212
window_5750.csv,13,3.631134117399309,5,11.877607247316806
window_5775.csv,13,4.046368934559109,4,11.887995398905614
window_5800.csv,13,6.406443483999861,8,23.654966200048285
window_5825.csv,14,8.285157541855824,12,26.388463439860303
window_5850.csv,14,6.262869630849324,7,19.891234948497964
window_5875.csv,14,4.65268712812368,4,12.145947165224408
window_5900.csv,14,3.3785527472712316,3,11.000759403909122
window_5925.csv,14,8.57701110554097,9,27.688071030795903
window_5950.csv,0,5.506119642451104,1,7.704915656008043
window_5975.csv,0,2.2384248842904633,3,6.903046860282333
window_600.csv,0,5.286518296955185,2,6.648648301316273
window_6000.csv,0,5.180127133673028,0,5.907880675795321
window_6025.csv,0,6.5831482409911,1,9.189751307348672
window_6050.csv,0,4.2201165314306275,2,10.002812258053742
window_6075.csv,0,3.083526581713676,3,9.049877873093909
window_6100.csv,0,3.5490628384184006,3,9.27025388787538
window_6125.csv,0,2.451295928837065,0,4.513854496911485
window_6150.csv,0,3.2597314490565243,0,5.416610355539834
window_6175.csv,0,3.7556387261868553,0,4.112526279804966
window_6200.csv,0,4.27276814503948,0,4.376480887180459
window_6225.csv,0,11.686976905997774,1,9.034443242324992
window_6250.csv,0,22.61986076479584,3,9.90605515430189
window_6275.csv,0,19.19449734505121,3,7.555915514929128
window_6300.csv,0,16.004385581868746,2,6.517133610683188
window_6325.csv,0,13.15431305261534,0,5.404148111348784
window_6350.csv,0,10.701857295058351,0,5.009989004863633
window_6375.csv,0,8.746171997715242,0,4.229364059541656
window_6400.csv,0,6.99709717358336,0,4.643287686393115
window_6425.csv,0,5.451392252292047,0,2.8874610642872245
window_6450.csv,0,4.87852490989659,2,9.3965148717604
window_6475.csv,0,5.143564591139434,5,10.48573746826861
window_6500.csv,0,3.3417955792860417,0,4.282886631036385
window_6525.csv,0,2.2162968999967156,0,5.657126852145763
window_6550.csv,0,5.531191854190487,2,8.290886007445437
window_6575.csv,0,7.039813381298905,3,11.243698911062266
window_6600.csv,0,6.488730529107611,3,9.110908661510845
window_6625.csv,0,5.434580182473114,2,8.503531541483769
window_6650.csv,0,5.299047030949625,2,8.142987972486239
window_6675.csv,0,5.526061406610201,1,7.598462608464994
window_6700.csv,0,7.800874363352198,1,8.025705902186555
window_6725.csv,0,7.735696697474856,8,17.403950205897402
window_675.csv,0,5.646372777967,1,6.824047521960702
window_6750.csv,14,9.916812925146877,5,25.468651764386024
window_6775.csv,0,7.110320818582832,0,5.7452976903248025
window_6800.csv,0,7.190467899556465,0,5.0977831347156615
window_6825.csv,0,9.322093240636468,1,8.886855486599245
window_6850.csv,1,11.7487338824028,8,16.972214492728803
window_6875.csv,1,8.346513843970854,6,14.81598226959628
window_6900.csv,1,7.340779733243412,6,14.63101821923192
window_6925.csv,1,5.360754277312025,2,9.79235814966396
window_6950.csv,1,6.842266996305439,4,12.175946932237578
window_6975.csv,1,7.9820292564334,6,12.765834264992286
window_700.csv,14,10.537912425615207,6,28.986547505188213
window_7000.csv,1,7.103293866451631,1,7.132183894327499
window_7025.csv,1,8.200828950330528,1,8.863855057187278
window_7050.csv,2,8.289670172100479,9,33.940713618295824
window_7075.csv,2,8.237532807645355,11,41.182645451837146
window_7100.csv,2,8.485706768928393,10,41.38145209792377
window_7125.csv,2,7.191542843828392,9,33.80378080304662
window_7150.csv,2,7.875165848000432,11,38.619452075070605
window_7175.csv,2,8.54821247983623,9,42.595123209931465
window_7200.csv,3,9.149005974431304,11,32.4398568936277
window_7225.csv,3,8.6326446623903,10,25.245616412330087
window_725.csv,14,9.42398648314161,4,28.778426253396884
window_7250.csv,2,9.33286319380186,12,39.74725873260043
window_7275.csv,2,11.514483914532384,10,45.96020333808781
window_7300.csv,5,10.36260727619394,4,21.411891777519756
window_7325.csv,5,8.81152740206281,5,18.070406751290452
window_7350.csv,5,8.746251028090796,9,21.647216985059583
window_7375.csv,5,9.589308476038722,8,23.857005724557517
window_7400.csv,5,4.931287119247277,4,11.84081314380729
window_7425.csv,5,5.652921778262736,3,10.828517684863844
window_7450.csv,5,3.4159123597958643,0,6.8284591681548035
window_7475.csv,5,4.811181663567942,2,9.207413069430876
window_75.csv,0,12.944539106568914,0,5.889742367687117
window_750.csv,0,10.339665971084576,3,11.130436214617006
window_7500.csv,5,3.7613831845788286,1,7.978629144934576
window_7525.csv,5,5.400879602674131,4,13.44715454335707
window_7550.csv,5,6.131855032578578,6,13.306960946969456
window_7575.csv,5,5.165737731183026,5,12.19936454522243
window_7600.csv,5,4.854326263572029,2,11.329156376999434
window_7625.csv,5,4.46677629042264,4,10.519520874867698
window_7650.csv,5,5.752061017531951,6,14.139993112431354
window_7675.csv,5,7.434086799846102,10,18.74100874831513
window_7700.csv,5,8.644517562226175,7,18.29063024268648
window_7725.csv,5,9.300975253986993,9,22.82043545793895
window_775.csv,0,10.484537664736475,2,8.9576975557865
window_7750.csv,5,5.87382526951267,4,13.44425599283376
window_7775.csv,5,3.4388331902814593,3,7.159172648979638
window_7800.csv,5,3.470851458149326,2,7.293656137261285
window_7825.csv,5,4.4624889239279355,3,10.177385832712634
window_7850.csv,5,5.027221349725389,4,11.794232758550178
window_7875.csv,5,7.862386596374663,8,18.473840515487073
window_7900.csv,5,7.861930350287459,8,20.544279418951387
window_7925.csv,5,5.414629571439225,3,13.31442244881718
window_7950.csv,5,5.061310995037207,2,11.216118541961231
window_7975.csv,5,4.5306624876015205,2,10.20142360541924
window_800.csv,0,10.31288226107925,0,4.749643669340232
window_8000.csv,5,3.3169584885836634,0,7.0215435788327785
window_8025.csv,5,3.162295310534496,2,7.14046074088229
window_8050.csv,5,4.782716833477845,2,9.901120513899349
window_8075.csv,5,4.230479393768534,2,8.191716302314079
window_8100.csv,5,5.20267513652888,3,11.891816808096138
window_8125.csv,5,4.77280030137951,5,9.594668483596331
window_8150.csv,5,4.064440255476171,4,10.300270277241552
window_8175.csv,5,4.8490556998063745,5,10.745161870081812
window_8200.csv,5,5.87333480678216,4,12.884720068218638
window_8225.csv,5,7.455967609990504,5,17.97850527456739
window_825.csv,0,10.65870658348702,0,4.510063734515015
window_8250.csv,5,10.09296341247664,12,25.856520014344348
window_8275.csv,5,7.610944255440855,6,17.609846202572438
window_8300.csv,5,6.269016042977011,5,13.628054042316824
window_8325.csv,5,7.828374172632389,8,15.738926867252784
window_8350.csv,5,6.94257059691838,5,14.16404474560292
window_8375.csv,5,2.460521321678213,1,5.629398547039862
window_8400.csv,5,3.2509526161975932,2,8.623637623020462
window_8425.csv,5,4.18007599382153,4,11.176881594960896
window_8450.csv,5,5.740884469818198,7,14.14967509586271
window_8475.csv,5,6.601299937173903,5,15.503903996892213
window_850.csv,0,10.965198456863767,0,5.228757329838655
window_8500.csv,5,7.554342906299909,5,15.908879318485514
window_8525.csv,5,9.15664322431896,8,21.04444978364383
window_8550.csv,5,8.191664636505477,6,19.53614133585208
window_8575.csv,5,6.434451549711666,3,14.70260582929373
window_8600.csv,5,5.931805900262482,3,13.357595167313296
window_8625.csv,5,5.836808987997091,6,13.587525593143184
window_8650.csv,5,7.900365870702083,7,16.23885176520772
window_8675.csv,5,8.482225333887436,8,20.399426493739405
window_8700.csv,5,7.273152582215706,6,16.948939455339378
window_8725.csv,5,5.073032306844147,4,12.013902991329442
window_875.csv,0,11.387577201074174,0,5.179796209515814
window_8750.csv,5,4.8268691005930515,4,10.712430389324537
window_8775.csv,5,6.040131726224033,4,14.507645836865036
window_8800.csv,5,5.0784012308209485,3,11.279056043154895
window_8825.csv,5,7.234832541502152,6,17.283081944388336
window_8850.csv,5,7.722697722112729,5,18.591191557865233
window_8875.csv,5,4.636058456358488,4,10.73460711617754
window_8900.csv,5,4.517636782781601,4,11.023365999742706
window_8925.csv,5,4.820835786107893,4,11.84172370808379
window_8950.csv,5,5.937313229378806,7,13.59234215495315
window_8975.csv,5,5.927259620123125,4,13.356311536173834
window_900.csv,0,11.714623608528104,0,4.623050546921915
window_9000.csv,5,9.245215176101183,11,25.061105374629125
window_9025.csv,5,9.25844850085895,4,22.41822763924229
window_9050.csv,5,10.078892370641032,7,25.730493368495495
window_9075.csv,8,11.23747660250997,7,23.054987908478903
window_9100.csv,8,14.439842039633476,8,29.538717137605047
window_9125.csv,8,15.191485914736006,8,31.380171047645817
window_9150.csv,8,16.39361004205388,9,34.661821261248335
window_9175.csv,11,15.144923480019637,12,42.27191968849265
window_9200.csv,8,14.051066575318714,5,27.743257649218997
window_9225.csv,7,13.319659279224656,7,21.407102099242003
window_925.csv,0,11.971556204197508,0,4.593246848156069
window_9250.csv,8,11.59630616515961,7,28.503992522185957
window_9275.csv,8,9.541752553914066,8,22.913018627513456
window_9300.csv,8,10.541942413190498,8,27.004538198361505
window_9325.csv,8,9.895883022024597,8,23.600476553470052
window_9350.csv,7,9.506787152386826,6,17.43931914567332
window_9375.csv,7,7.71095660974659,3,11.22691919008357
window_9400.csv,7,7.891921407681225,7,16.788125800048032
window_9425.csv,7,6.3791032842572495,3,12.909091435119882
window_9450.csv,7,6.122653633664909,5,12.02773324409734
window_9475.csv,8,11.07074686604412,10,26.632865985328205
window_950.csv,0,12.26441828254234,0,5.292496955247161
window_9500.csv,7,9.454224149974683,8,16.769624241465586
window_9525.csv,10,9.35214194880079,11,24.680140174751145
window_9550.csv,11,8.78018898571889,9,27.110013348378136
window_9575.csv,11,7.796162991026104,5,18.567240681547577
window_9600.csv,11,7.077698568395433,7,21.570126853761316
window_9625.csv,11,8.139150307166604,11,28.58933310685478
window_9650.csv,11,6.280955597754175,9,21.199671782243676
window_9675.csv,11,6.919652140061154,11,28.165735220772135
window_9700.csv,11,6.407031561479825,12,27.52311911481555
window_9725.csv,0,9.88368278270617,8,18.70301064151619
window_975.csv,0,12.535685799893932,1,5.848920228954277
window_9750.csv,0,8.016298109399601,8,17.315104223287356
window_9775.csv,11,17.802590490827193,10,43.73853577853627
window_9800.csv,10,15.062348995808982,8,44.602320718678094
window_9825.csv,1,10.613525414814394,5,10.987359208536269
window_9850.csv,1,5.978618847686495,2,9.497108797635809
window_9875.csv,1,3.268253144927427,1,6.2643620223587275
window_9900.csv,1,6.048696521202493,4,12.64463532476934
window_9925.csv,1,8.201696226890412,4,12.981763519320488
window_9950.csv,2,7.516170746403285,9,28.89888481114432
window_9975.csv,2,9.700959435821112,15,46.79775147626175
