window_idx,filename,path,dbscan_label
0,window_1000.csv,exact_data/anomaly/window_1000.csv,-1
1,window_10000.csv,exact_data/anomaly/window_10000.csv,-1
2,window_10025.csv,exact_data/anomaly/window_10025.csv,-1
3,window_10050.csv,exact_data/anomaly/window_10050.csv,-1
4,window_10075.csv,exact_data/anomaly/window_10075.csv,0
5,window_10100.csv,exact_data/anomaly/window_10100.csv,0
6,window_10125.csv,exact_data/anomaly/window_10125.csv,0
7,window_10150.csv,exact_data/anomaly/window_10150.csv,0
8,window_10175.csv,exact_data/anomaly/window_10175.csv,0
9,window_10200.csv,exact_data/anomaly/window_10200.csv,0
10,window_10225.csv,exact_data/anomaly/window_10225.csv,0
11,window_1025.csv,exact_data/anomaly/window_1025.csv,0
12,window_10250.csv,exact_data/anomaly/window_10250.csv,0
13,window_10275.csv,exact_data/anomaly/window_10275.csv,0
14,window_10300.csv,exact_data/anomaly/window_10300.csv,0
15,window_10325.csv,exact_data/anomaly/window_10325.csv,0
16,window_10350.csv,exact_data/anomaly/window_10350.csv,0
17,window_10375.csv,exact_data/anomaly/window_10375.csv,0
18,window_10400.csv,exact_data/anomaly/window_10400.csv,0
19,window_10425.csv,exact_data/anomaly/window_10425.csv,0
20,window_10450.csv,exact_data/anomaly/window_10450.csv,0
21,window_10475.csv,exact_data/anomaly/window_10475.csv,0
22,window_1050.csv,exact_data/anomaly/window_1050.csv,0
23,window_10500.csv,exact_data/anomaly/window_10500.csv,0
24,window_10525.csv,exact_data/anomaly/window_10525.csv,0
25,window_10550.csv,exact_data/anomaly/window_10550.csv,0
26,window_10575.csv,exact_data/anomaly/window_10575.csv,0
27,window_10600.csv,exact_data/anomaly/window_10600.csv,0
28,window_10625.csv,exact_data/anomaly/window_10625.csv,0
29,window_10650.csv,exact_data/anomaly/window_10650.csv,0
30,window_10675.csv,exact_data/anomaly/window_10675.csv,-1
31,window_10700.csv,exact_data/anomaly/window_10700.csv,-1
32,window_10725.csv,exact_data/anomaly/window_10725.csv,0
33,window_1075.csv,exact_data/anomaly/window_1075.csv,0
34,window_10750.csv,exact_data/anomaly/window_10750.csv,0
35,window_10775.csv,exact_data/anomaly/window_10775.csv,0
36,window_10800.csv,exact_data/anomaly/window_10800.csv,-1
37,window_10825.csv,exact_data/anomaly/window_10825.csv,1
38,window_10850.csv,exact_data/anomaly/window_10850.csv,1
39,window_10875.csv,exact_data/anomaly/window_10875.csv,1
40,window_10900.csv,exact_data/anomaly/window_10900.csv,1
41,window_10925.csv,exact_data/anomaly/window_10925.csv,1
42,window_10950.csv,exact_data/anomaly/window_10950.csv,1
43,window_10975.csv,exact_data/anomaly/window_10975.csv,1
44,window_1100.csv,exact_data/anomaly/window_1100.csv,1
45,window_11000.csv,exact_data/anomaly/window_11000.csv,2
46,window_11025.csv,exact_data/anomaly/window_11025.csv,2
47,window_11050.csv,exact_data/anomaly/window_11050.csv,2
48,window_11075.csv,exact_data/anomaly/window_11075.csv,2
49,window_11100.csv,exact_data/anomaly/window_11100.csv,-1
50,window_11125.csv,exact_data/anomaly/window_11125.csv,-1
51,window_11150.csv,exact_data/anomaly/window_11150.csv,-1
52,window_11175.csv,exact_data/anomaly/window_11175.csv,-1
53,window_11200.csv,exact_data/anomaly/window_11200.csv,3
54,window_11225.csv,exact_data/anomaly/window_11225.csv,3
55,window_1125.csv,exact_data/anomaly/window_1125.csv,3
56,window_11250.csv,exact_data/anomaly/window_11250.csv,3
57,window_11275.csv,exact_data/anomaly/window_11275.csv,3
58,window_11300.csv,exact_data/anomaly/window_11300.csv,3
59,window_11325.csv,exact_data/anomaly/window_11325.csv,3
60,window_11350.csv,exact_data/anomaly/window_11350.csv,-1
61,window_11375.csv,exact_data/anomaly/window_11375.csv,-1
62,window_11400.csv,exact_data/anomaly/window_11400.csv,-1
63,window_11425.csv,exact_data/anomaly/window_11425.csv,-1
64,window_11450.csv,exact_data/anomaly/window_11450.csv,-1
65,window_11475.csv,exact_data/anomaly/window_11475.csv,4
66,window_1150.csv,exact_data/anomaly/window_1150.csv,4
67,window_11500.csv,exact_data/anomaly/window_11500.csv,4
68,window_11525.csv,exact_data/anomaly/window_11525.csv,4
69,window_11550.csv,exact_data/anomaly/window_11550.csv,4
70,window_11575.csv,exact_data/anomaly/window_11575.csv,4
71,window_11600.csv,exact_data/anomaly/window_11600.csv,4
72,window_11625.csv,exact_data/anomaly/window_11625.csv,4
73,window_11650.csv,exact_data/anomaly/window_11650.csv,4
74,window_11675.csv,exact_data/anomaly/window_11675.csv,4
75,window_11700.csv,exact_data/anomaly/window_11700.csv,4
76,window_11725.csv,exact_data/anomaly/window_11725.csv,4
77,window_1175.csv,exact_data/anomaly/window_1175.csv,4
78,window_11750.csv,exact_data/anomaly/window_11750.csv,4
79,window_11775.csv,exact_data/anomaly/window_11775.csv,4
80,window_11800.csv,exact_data/anomaly/window_11800.csv,4
81,window_11825.csv,exact_data/anomaly/window_11825.csv,4
82,window_11850.csv,exact_data/anomaly/window_11850.csv,4
83,window_11875.csv,exact_data/anomaly/window_11875.csv,4
84,window_11900.csv,exact_data/anomaly/window_11900.csv,4
85,window_11925.csv,exact_data/anomaly/window_11925.csv,4
86,window_11950.csv,exact_data/anomaly/window_11950.csv,4
87,window_11975.csv,exact_data/anomaly/window_11975.csv,4
88,window_1200.csv,exact_data/anomaly/window_1200.csv,4
89,window_12000.csv,exact_data/anomaly/window_12000.csv,4
90,window_12025.csv,exact_data/anomaly/window_12025.csv,4
91,window_12050.csv,exact_data/anomaly/window_12050.csv,4
92,window_12075.csv,exact_data/anomaly/window_12075.csv,4
93,window_12100.csv,exact_data/anomaly/window_12100.csv,4
94,window_12125.csv,exact_data/anomaly/window_12125.csv,4
95,window_12150.csv,exact_data/anomaly/window_12150.csv,4
96,window_12175.csv,exact_data/anomaly/window_12175.csv,4
97,window_12200.csv,exact_data/anomaly/window_12200.csv,4
98,window_12225.csv,exact_data/anomaly/window_12225.csv,4
99,window_1225.csv,exact_data/anomaly/window_1225.csv,4
100,window_12250.csv,exact_data/anomaly/window_12250.csv,4
101,window_12275.csv,exact_data/anomaly/window_12275.csv,4
102,window_12300.csv,exact_data/anomaly/window_12300.csv,4
103,window_12325.csv,exact_data/anomaly/window_12325.csv,4
104,window_12350.csv,exact_data/anomaly/window_12350.csv,4
105,window_12375.csv,exact_data/anomaly/window_12375.csv,4
106,window_12400.csv,exact_data/anomaly/window_12400.csv,4
107,window_12425.csv,exact_data/anomaly/window_12425.csv,4
108,window_12450.csv,exact_data/anomaly/window_12450.csv,4
109,window_12475.csv,exact_data/anomaly/window_12475.csv,4
110,window_12500.csv,exact_data/anomaly/window_12500.csv,4
111,window_12525.csv,exact_data/anomaly/window_12525.csv,4
112,window_12550.csv,exact_data/anomaly/window_12550.csv,4
113,window_12575.csv,exact_data/anomaly/window_12575.csv,4
114,window_12600.csv,exact_data/anomaly/window_12600.csv,4
115,window_12625.csv,exact_data/anomaly/window_12625.csv,4
116,window_12650.csv,exact_data/anomaly/window_12650.csv,4
117,window_12675.csv,exact_data/anomaly/window_12675.csv,4
118,window_12700.csv,exact_data/anomaly/window_12700.csv,4
119,window_12725.csv,exact_data/anomaly/window_12725.csv,4
120,window_12750.csv,exact_data/anomaly/window_12750.csv,4
121,window_12775.csv,exact_data/anomaly/window_12775.csv,4
122,window_12800.csv,exact_data/anomaly/window_12800.csv,4
123,window_12825.csv,exact_data/anomaly/window_12825.csv,4
124,window_12850.csv,exact_data/anomaly/window_12850.csv,4
125,window_12875.csv,exact_data/anomaly/window_12875.csv,4
126,window_12900.csv,exact_data/anomaly/window_12900.csv,4
127,window_12925.csv,exact_data/anomaly/window_12925.csv,4
128,window_12950.csv,exact_data/anomaly/window_12950.csv,4
129,window_12975.csv,exact_data/anomaly/window_12975.csv,4
130,window_1300.csv,exact_data/anomaly/window_1300.csv,4
131,window_13000.csv,exact_data/anomaly/window_13000.csv,4
132,window_13025.csv,exact_data/anomaly/window_13025.csv,4
133,window_13050.csv,exact_data/anomaly/window_13050.csv,4
134,window_13075.csv,exact_data/anomaly/window_13075.csv,4
135,window_13100.csv,exact_data/anomaly/window_13100.csv,4
136,window_13125.csv,exact_data/anomaly/window_13125.csv,4
137,window_13150.csv,exact_data/anomaly/window_13150.csv,4
138,window_13175.csv,exact_data/anomaly/window_13175.csv,4
139,window_13200.csv,exact_data/anomaly/window_13200.csv,4
140,window_13225.csv,exact_data/anomaly/window_13225.csv,4
141,window_1325.csv,exact_data/anomaly/window_1325.csv,4
142,window_13250.csv,exact_data/anomaly/window_13250.csv,4
143,window_13275.csv,exact_data/anomaly/window_13275.csv,4
144,window_13300.csv,exact_data/anomaly/window_13300.csv,4
145,window_13325.csv,exact_data/anomaly/window_13325.csv,4
146,window_13350.csv,exact_data/anomaly/window_13350.csv,4
147,window_13375.csv,exact_data/anomaly/window_13375.csv,4
148,window_13400.csv,exact_data/anomaly/window_13400.csv,4
149,window_13425.csv,exact_data/anomaly/window_13425.csv,4
150,window_13450.csv,exact_data/anomaly/window_13450.csv,4
151,window_13475.csv,exact_data/anomaly/window_13475.csv,4
152,window_1350.csv,exact_data/anomaly/window_1350.csv,4
153,window_13500.csv,exact_data/anomaly/window_13500.csv,4
154,window_13525.csv,exact_data/anomaly/window_13525.csv,4
155,window_13550.csv,exact_data/anomaly/window_13550.csv,4
156,window_13575.csv,exact_data/anomaly/window_13575.csv,4
157,window_13600.csv,exact_data/anomaly/window_13600.csv,4
158,window_13625.csv,exact_data/anomaly/window_13625.csv,4
159,window_13650.csv,exact_data/anomaly/window_13650.csv,4
160,window_13675.csv,exact_data/anomaly/window_13675.csv,4
161,window_13700.csv,exact_data/anomaly/window_13700.csv,4
162,window_13725.csv,exact_data/anomaly/window_13725.csv,4
163,window_1375.csv,exact_data/anomaly/window_1375.csv,4
164,window_13750.csv,exact_data/anomaly/window_13750.csv,4
165,window_13775.csv,exact_data/anomaly/window_13775.csv,4
166,window_13800.csv,exact_data/anomaly/window_13800.csv,4
167,window_13825.csv,exact_data/anomaly/window_13825.csv,-1
168,window_13850.csv,exact_data/anomaly/window_13850.csv,-1
169,window_13875.csv,exact_data/anomaly/window_13875.csv,-1
170,window_13900.csv,exact_data/anomaly/window_13900.csv,-1
171,window_13925.csv,exact_data/anomaly/window_13925.csv,-1
172,window_13950.csv,exact_data/anomaly/window_13950.csv,-1
173,window_13975.csv,exact_data/anomaly/window_13975.csv,-1
174,window_1400.csv,exact_data/anomaly/window_1400.csv,-1
175,window_14000.csv,exact_data/anomaly/window_14000.csv,-1
176,window_14025.csv,exact_data/anomaly/window_14025.csv,-1
177,window_14050.csv,exact_data/anomaly/window_14050.csv,-1
178,window_14075.csv,exact_data/anomaly/window_14075.csv,-1
179,window_14100.csv,exact_data/anomaly/window_14100.csv,5
180,window_14125.csv,exact_data/anomaly/window_14125.csv,5
181,window_14150.csv,exact_data/anomaly/window_14150.csv,5
182,window_14175.csv,exact_data/anomaly/window_14175.csv,5
183,window_14200.csv,exact_data/anomaly/window_14200.csv,5
184,window_14225.csv,exact_data/anomaly/window_14225.csv,5
185,window_1425.csv,exact_data/anomaly/window_1425.csv,-1
186,window_14250.csv,exact_data/anomaly/window_14250.csv,5
187,window_14275.csv,exact_data/anomaly/window_14275.csv,5
188,window_14300.csv,exact_data/anomaly/window_14300.csv,5
189,window_14325.csv,exact_data/anomaly/window_14325.csv,5
190,window_14350.csv,exact_data/anomaly/window_14350.csv,5
191,window_14375.csv,exact_data/anomaly/window_14375.csv,5
192,window_14400.csv,exact_data/anomaly/window_14400.csv,5
193,window_14425.csv,exact_data/anomaly/window_14425.csv,5
194,window_14450.csv,exact_data/anomaly/window_14450.csv,5
195,window_14475.csv,exact_data/anomaly/window_14475.csv,5
196,window_1450.csv,exact_data/anomaly/window_1450.csv,5
197,window_14500.csv,exact_data/anomaly/window_14500.csv,5
198,window_14525.csv,exact_data/anomaly/window_14525.csv,5
199,window_14550.csv,exact_data/anomaly/window_14550.csv,5
200,window_14575.csv,exact_data/anomaly/window_14575.csv,5
201,window_14600.csv,exact_data/anomaly/window_14600.csv,5
202,window_14625.csv,exact_data/anomaly/window_14625.csv,5
203,window_14650.csv,exact_data/anomaly/window_14650.csv,5
204,window_14675.csv,exact_data/anomaly/window_14675.csv,5
205,window_14700.csv,exact_data/anomaly/window_14700.csv,5
206,window_14725.csv,exact_data/anomaly/window_14725.csv,5
207,window_1475.csv,exact_data/anomaly/window_1475.csv,5
208,window_14750.csv,exact_data/anomaly/window_14750.csv,5
209,window_14775.csv,exact_data/anomaly/window_14775.csv,5
210,window_14800.csv,exact_data/anomaly/window_14800.csv,5
211,window_14825.csv,exact_data/anomaly/window_14825.csv,5
212,window_14850.csv,exact_data/anomaly/window_14850.csv,5
213,window_14875.csv,exact_data/anomaly/window_14875.csv,5
214,window_14900.csv,exact_data/anomaly/window_14900.csv,5
215,window_14925.csv,exact_data/anomaly/window_14925.csv,5
216,window_14950.csv,exact_data/anomaly/window_14950.csv,5
217,window_14975.csv,exact_data/anomaly/window_14975.csv,5
218,window_1500.csv,exact_data/anomaly/window_1500.csv,5
219,window_15000.csv,exact_data/anomaly/window_15000.csv,5
220,window_15025.csv,exact_data/anomaly/window_15025.csv,5
221,window_15050.csv,exact_data/anomaly/window_15050.csv,5
222,window_15075.csv,exact_data/anomaly/window_15075.csv,5
223,window_15100.csv,exact_data/anomaly/window_15100.csv,5
224,window_15125.csv,exact_data/anomaly/window_15125.csv,5
225,window_15150.csv,exact_data/anomaly/window_15150.csv,5
226,window_15175.csv,exact_data/anomaly/window_15175.csv,5
227,window_15200.csv,exact_data/anomaly/window_15200.csv,5
228,window_15225.csv,exact_data/anomaly/window_15225.csv,5
229,window_1525.csv,exact_data/anomaly/window_1525.csv,5
230,window_15250.csv,exact_data/anomaly/window_15250.csv,5
231,window_15275.csv,exact_data/anomaly/window_15275.csv,-1
232,window_15300.csv,exact_data/anomaly/window_15300.csv,-1
233,window_15325.csv,exact_data/anomaly/window_15325.csv,-1
234,window_15350.csv,exact_data/anomaly/window_15350.csv,-1
235,window_15375.csv,exact_data/anomaly/window_15375.csv,-1
236,window_15400.csv,exact_data/anomaly/window_15400.csv,-1
237,window_15425.csv,exact_data/anomaly/window_15425.csv,-1
238,window_15450.csv,exact_data/anomaly/window_15450.csv,-1
239,window_15475.csv,exact_data/anomaly/window_15475.csv,-1
240,window_1550.csv,exact_data/anomaly/window_1550.csv,-1
241,window_15500.csv,exact_data/anomaly/window_15500.csv,-1
242,window_15525.csv,exact_data/anomaly/window_15525.csv,-1
243,window_15550.csv,exact_data/anomaly/window_15550.csv,-1
244,window_15575.csv,exact_data/anomaly/window_15575.csv,-1
245,window_15600.csv,exact_data/anomaly/window_15600.csv,-1
246,window_15625.csv,exact_data/anomaly/window_15625.csv,0
247,window_15650.csv,exact_data/anomaly/window_15650.csv,0
248,window_15675.csv,exact_data/anomaly/window_15675.csv,0
249,window_15700.csv,exact_data/anomaly/window_15700.csv,0
250,window_15725.csv,exact_data/anomaly/window_15725.csv,-1
251,window_1575.csv,exact_data/anomaly/window_1575.csv,-1
252,window_15750.csv,exact_data/anomaly/window_15750.csv,-1
253,window_15775.csv,exact_data/anomaly/window_15775.csv,-1
254,window_15800.csv,exact_data/anomaly/window_15800.csv,0
255,window_15825.csv,exact_data/anomaly/window_15825.csv,0
256,window_15850.csv,exact_data/anomaly/window_15850.csv,0
257,window_15875.csv,exact_data/anomaly/window_15875.csv,0
258,window_15900.csv,exact_data/anomaly/window_15900.csv,0
259,window_15925.csv,exact_data/anomaly/window_15925.csv,0
260,window_15950.csv,exact_data/anomaly/window_15950.csv,0
261,window_15975.csv,exact_data/anomaly/window_15975.csv,0
262,window_1600.csv,exact_data/anomaly/window_1600.csv,0
263,window_16000.csv,exact_data/anomaly/window_16000.csv,0
264,window_16025.csv,exact_data/anomaly/window_16025.csv,0
265,window_16050.csv,exact_data/anomaly/window_16050.csv,0
266,window_16075.csv,exact_data/anomaly/window_16075.csv,0
267,window_16100.csv,exact_data/anomaly/window_16100.csv,0
268,window_16125.csv,exact_data/anomaly/window_16125.csv,0
269,window_16150.csv,exact_data/anomaly/window_16150.csv,0
270,window_16175.csv,exact_data/anomaly/window_16175.csv,-1
271,window_16200.csv,exact_data/anomaly/window_16200.csv,-1
272,window_16225.csv,exact_data/anomaly/window_16225.csv,-1
273,window_1625.csv,exact_data/anomaly/window_1625.csv,-1
274,window_16250.csv,exact_data/anomaly/window_16250.csv,-1
275,window_16275.csv,exact_data/anomaly/window_16275.csv,-1
276,window_16300.csv,exact_data/anomaly/window_16300.csv,1
277,window_16325.csv,exact_data/anomaly/window_16325.csv,-1
278,window_16350.csv,exact_data/anomaly/window_16350.csv,-1
279,window_16375.csv,exact_data/anomaly/window_16375.csv,2
280,window_16400.csv,exact_data/anomaly/window_16400.csv,-1
281,window_16425.csv,exact_data/anomaly/window_16425.csv,-1
282,window_16450.csv,exact_data/anomaly/window_16450.csv,-1
283,window_16475.csv,exact_data/anomaly/window_16475.csv,-1
284,window_1650.csv,exact_data/anomaly/window_1650.csv,3
285,window_16500.csv,exact_data/anomaly/window_16500.csv,3
286,window_16525.csv,exact_data/anomaly/window_16525.csv,3
287,window_16550.csv,exact_data/anomaly/window_16550.csv,3
288,window_16575.csv,exact_data/anomaly/window_16575.csv,-1
289,window_16600.csv,exact_data/anomaly/window_16600.csv,-1
290,window_16625.csv,exact_data/anomaly/window_16625.csv,-1
291,window_16650.csv,exact_data/anomaly/window_16650.csv,-1
292,window_16675.csv,exact_data/anomaly/window_16675.csv,-1
293,window_16700.csv,exact_data/anomaly/window_16700.csv,-1
294,window_16725.csv,exact_data/anomaly/window_16725.csv,-1
295,window_1675.csv,exact_data/anomaly/window_1675.csv,6
296,window_16750.csv,exact_data/anomaly/window_16750.csv,6
297,window_16775.csv,exact_data/anomaly/window_16775.csv,6
298,window_16800.csv,exact_data/anomaly/window_16800.csv,6
299,window_16825.csv,exact_data/anomaly/window_16825.csv,6
300,window_16850.csv,exact_data/anomaly/window_16850.csv,6
301,window_16875.csv,exact_data/anomaly/window_16875.csv,6
302,window_16900.csv,exact_data/anomaly/window_16900.csv,6
303,window_16925.csv,exact_data/anomaly/window_16925.csv,6
304,window_16950.csv,exact_data/anomaly/window_16950.csv,6
305,window_16975.csv,exact_data/anomaly/window_16975.csv,6
306,window_1700.csv,exact_data/anomaly/window_1700.csv,6
307,window_17000.csv,exact_data/anomaly/window_17000.csv,6
308,window_17025.csv,exact_data/anomaly/window_17025.csv,6
309,window_17050.csv,exact_data/anomaly/window_17050.csv,6
310,window_17075.csv,exact_data/anomaly/window_17075.csv,6
311,window_17100.csv,exact_data/anomaly/window_17100.csv,-1
312,window_17125.csv,exact_data/anomaly/window_17125.csv,-1
313,window_17150.csv,exact_data/anomaly/window_17150.csv,6
314,window_17175.csv,exact_data/anomaly/window_17175.csv,6
315,window_17200.csv,exact_data/anomaly/window_17200.csv,6
316,window_17225.csv,exact_data/anomaly/window_17225.csv,6
317,window_1725.csv,exact_data/anomaly/window_1725.csv,6
318,window_17250.csv,exact_data/anomaly/window_17250.csv,-1
319,window_17275.csv,exact_data/anomaly/window_17275.csv,6
320,window_17300.csv,exact_data/anomaly/window_17300.csv,6
321,window_17325.csv,exact_data/anomaly/window_17325.csv,6
322,window_17350.csv,exact_data/anomaly/window_17350.csv,-1
323,window_17375.csv,exact_data/anomaly/window_17375.csv,6
324,window_17400.csv,exact_data/anomaly/window_17400.csv,6
325,window_17425.csv,exact_data/anomaly/window_17425.csv,6
326,window_17450.csv,exact_data/anomaly/window_17450.csv,6
327,window_17475.csv,exact_data/anomaly/window_17475.csv,6
328,window_1750.csv,exact_data/anomaly/window_1750.csv,6
329,window_17500.csv,exact_data/anomaly/window_17500.csv,6
330,window_17550.csv,exact_data/anomaly/window_17550.csv,6
331,window_17575.csv,exact_data/anomaly/window_17575.csv,6
332,window_17600.csv,exact_data/anomaly/window_17600.csv,6
333,window_17625.csv,exact_data/anomaly/window_17625.csv,6
334,window_17650.csv,exact_data/anomaly/window_17650.csv,-1
335,window_17675.csv,exact_data/anomaly/window_17675.csv,-1
336,window_17700.csv,exact_data/anomaly/window_17700.csv,-1
337,window_17725.csv,exact_data/anomaly/window_17725.csv,-1
338,window_1775.csv,exact_data/anomaly/window_1775.csv,-1
339,window_17750.csv,exact_data/anomaly/window_17750.csv,-1
340,window_17775.csv,exact_data/anomaly/window_17775.csv,5
341,window_17800.csv,exact_data/anomaly/window_17800.csv,5
342,window_17825.csv,exact_data/anomaly/window_17825.csv,5
343,window_17850.csv,exact_data/anomaly/window_17850.csv,-1
344,window_17875.csv,exact_data/anomaly/window_17875.csv,5
345,window_17900.csv,exact_data/anomaly/window_17900.csv,5
346,window_17925.csv,exact_data/anomaly/window_17925.csv,5
347,window_17950.csv,exact_data/anomaly/window_17950.csv,-1
348,window_17975.csv,exact_data/anomaly/window_17975.csv,-1
349,window_1800.csv,exact_data/anomaly/window_1800.csv,5
350,window_18000.csv,exact_data/anomaly/window_18000.csv,5
351,window_18025.csv,exact_data/anomaly/window_18025.csv,5
352,window_18050.csv,exact_data/anomaly/window_18050.csv,5
353,window_18075.csv,exact_data/anomaly/window_18075.csv,-1
354,window_18100.csv,exact_data/anomaly/window_18100.csv,5
355,window_18125.csv,exact_data/anomaly/window_18125.csv,5
356,window_18150.csv,exact_data/anomaly/window_18150.csv,-1
357,window_18175.csv,exact_data/anomaly/window_18175.csv,5
358,window_18200.csv,exact_data/anomaly/window_18200.csv,-1
359,window_18225.csv,exact_data/anomaly/window_18225.csv,5
360,window_1825.csv,exact_data/anomaly/window_1825.csv,5
361,window_18250.csv,exact_data/anomaly/window_18250.csv,-1
362,window_18275.csv,exact_data/anomaly/window_18275.csv,5
363,window_18300.csv,exact_data/anomaly/window_18300.csv,5
364,window_18325.csv,exact_data/anomaly/window_18325.csv,5
365,window_18350.csv,exact_data/anomaly/window_18350.csv,5
366,window_18375.csv,exact_data/anomaly/window_18375.csv,-1
367,window_18400.csv,exact_data/anomaly/window_18400.csv,5
368,window_18425.csv,exact_data/anomaly/window_18425.csv,5
369,window_18450.csv,exact_data/anomaly/window_18450.csv,5
370,window_18475.csv,exact_data/anomaly/window_18475.csv,5
371,window_1850.csv,exact_data/anomaly/window_1850.csv,5
372,window_18500.csv,exact_data/anomaly/window_18500.csv,-1
373,window_18525.csv,exact_data/anomaly/window_18525.csv,5
374,window_18550.csv,exact_data/anomaly/window_18550.csv,5
375,window_18575.csv,exact_data/anomaly/window_18575.csv,5
376,window_18600.csv,exact_data/anomaly/window_18600.csv,-1
377,window_18625.csv,exact_data/anomaly/window_18625.csv,-1
378,window_18650.csv,exact_data/anomaly/window_18650.csv,5
379,window_18675.csv,exact_data/anomaly/window_18675.csv,-1
380,window_18700.csv,exact_data/anomaly/window_18700.csv,-1
381,window_18725.csv,exact_data/anomaly/window_18725.csv,5
382,window_1875.csv,exact_data/anomaly/window_1875.csv,5
383,window_18750.csv,exact_data/anomaly/window_18750.csv,5
384,window_18775.csv,exact_data/anomaly/window_18775.csv,5
385,window_18800.csv,exact_data/anomaly/window_18800.csv,5
386,window_18825.csv,exact_data/anomaly/window_18825.csv,5
387,window_18850.csv,exact_data/anomaly/window_18850.csv,5
388,window_18875.csv,exact_data/anomaly/window_18875.csv,5
389,window_18900.csv,exact_data/anomaly/window_18900.csv,5
390,window_18925.csv,exact_data/anomaly/window_18925.csv,5
391,window_18950.csv,exact_data/anomaly/window_18950.csv,5
392,window_18975.csv,exact_data/anomaly/window_18975.csv,5
393,window_1900.csv,exact_data/anomaly/window_1900.csv,5
394,window_19000.csv,exact_data/anomaly/window_19000.csv,5
395,window_19025.csv,exact_data/anomaly/window_19025.csv,5
396,window_19050.csv,exact_data/anomaly/window_19050.csv,5
397,window_19075.csv,exact_data/anomaly/window_19075.csv,5
398,window_19100.csv,exact_data/anomaly/window_19100.csv,5
399,window_19125.csv,exact_data/anomaly/window_19125.csv,5
400,window_19150.csv,exact_data/anomaly/window_19150.csv,5
401,window_19175.csv,exact_data/anomaly/window_19175.csv,5
402,window_19200.csv,exact_data/anomaly/window_19200.csv,5
403,window_19225.csv,exact_data/anomaly/window_19225.csv,5
404,window_1925.csv,exact_data/anomaly/window_1925.csv,5
405,window_19250.csv,exact_data/anomaly/window_19250.csv,5
406,window_19275.csv,exact_data/anomaly/window_19275.csv,5
407,window_19300.csv,exact_data/anomaly/window_19300.csv,5
408,window_19325.csv,exact_data/anomaly/window_19325.csv,5
409,window_19350.csv,exact_data/anomaly/window_19350.csv,5
410,window_19375.csv,exact_data/anomaly/window_19375.csv,5
411,window_19400.csv,exact_data/anomaly/window_19400.csv,5
412,window_19425.csv,exact_data/anomaly/window_19425.csv,5
413,window_19450.csv,exact_data/anomaly/window_19450.csv,5
414,window_19475.csv,exact_data/anomaly/window_19475.csv,5
415,window_1950.csv,exact_data/anomaly/window_1950.csv,5
416,window_19500.csv,exact_data/anomaly/window_19500.csv,5
417,window_19525.csv,exact_data/anomaly/window_19525.csv,5
418,window_19550.csv,exact_data/anomaly/window_19550.csv,5
419,window_19575.csv,exact_data/anomaly/window_19575.csv,5
420,window_19600.csv,exact_data/anomaly/window_19600.csv,5
421,window_19625.csv,exact_data/anomaly/window_19625.csv,5
422,window_19650.csv,exact_data/anomaly/window_19650.csv,5
423,window_19675.csv,exact_data/anomaly/window_19675.csv,5
424,window_19700.csv,exact_data/anomaly/window_19700.csv,5
425,window_19725.csv,exact_data/anomaly/window_19725.csv,5
426,window_1975.csv,exact_data/anomaly/window_1975.csv,5
427,window_19750.csv,exact_data/anomaly/window_19750.csv,5
428,window_19775.csv,exact_data/anomaly/window_19775.csv,5
429,window_19800.csv,exact_data/anomaly/window_19800.csv,5
430,window_19825.csv,exact_data/anomaly/window_19825.csv,5
431,window_19850.csv,exact_data/anomaly/window_19850.csv,5
432,window_19875.csv,exact_data/anomaly/window_19875.csv,5
433,window_19900.csv,exact_data/anomaly/window_19900.csv,5
434,window_19925.csv,exact_data/anomaly/window_19925.csv,5
435,window_19950.csv,exact_data/anomaly/window_19950.csv,-1
436,window_19975.csv,exact_data/anomaly/window_19975.csv,5
437,window_2000.csv,exact_data/anomaly/window_2000.csv,5
438,window_20000.csv,exact_data/anomaly/window_20000.csv,5
439,window_20025.csv,exact_data/anomaly/window_20025.csv,-1
440,window_20050.csv,exact_data/anomaly/window_20050.csv,-1
441,window_20075.csv,exact_data/anomaly/window_20075.csv,5
442,window_20100.csv,exact_data/anomaly/window_20100.csv,5
443,window_20125.csv,exact_data/anomaly/window_20125.csv,5
444,window_20150.csv,exact_data/anomaly/window_20150.csv,5
445,window_20175.csv,exact_data/anomaly/window_20175.csv,5
446,window_20200.csv,exact_data/anomaly/window_20200.csv,5
447,window_20225.csv,exact_data/anomaly/window_20225.csv,5
448,window_2025.csv,exact_data/anomaly/window_2025.csv,5
449,window_20250.csv,exact_data/anomaly/window_20250.csv,5
450,window_20275.csv,exact_data/anomaly/window_20275.csv,5
451,window_20300.csv,exact_data/anomaly/window_20300.csv,5
452,window_20325.csv,exact_data/anomaly/window_20325.csv,5
453,window_20350.csv,exact_data/anomaly/window_20350.csv,5
454,window_20375.csv,exact_data/anomaly/window_20375.csv,5
455,window_20400.csv,exact_data/anomaly/window_20400.csv,5
456,window_20425.csv,exact_data/anomaly/window_20425.csv,5
457,window_20450.csv,exact_data/anomaly/window_20450.csv,5
458,window_20475.csv,exact_data/anomaly/window_20475.csv,5
459,window_2050.csv,exact_data/anomaly/window_2050.csv,5
460,window_20500.csv,exact_data/anomaly/window_20500.csv,-1
461,window_20525.csv,exact_data/anomaly/window_20525.csv,-1
462,window_20550.csv,exact_data/anomaly/window_20550.csv,-1
463,window_20575.csv,exact_data/anomaly/window_20575.csv,5
464,window_20600.csv,exact_data/anomaly/window_20600.csv,5
465,window_20625.csv,exact_data/anomaly/window_20625.csv,5
466,window_20650.csv,exact_data/anomaly/window_20650.csv,5
467,window_20675.csv,exact_data/anomaly/window_20675.csv,5
468,window_20700.csv,exact_data/anomaly/window_20700.csv,5
469,window_20725.csv,exact_data/anomaly/window_20725.csv,-1
470,window_2075.csv,exact_data/anomaly/window_2075.csv,-1
471,window_20750.csv,exact_data/anomaly/window_20750.csv,-1
472,window_20775.csv,exact_data/anomaly/window_20775.csv,-1
473,window_20800.csv,exact_data/anomaly/window_20800.csv,-1
474,window_20825.csv,exact_data/anomaly/window_20825.csv,-1
475,window_20850.csv,exact_data/anomaly/window_20850.csv,-1
476,window_20875.csv,exact_data/anomaly/window_20875.csv,-1
477,window_20900.csv,exact_data/anomaly/window_20900.csv,-1
478,window_20925.csv,exact_data/anomaly/window_20925.csv,-1
479,window_20950.csv,exact_data/anomaly/window_20950.csv,-1
480,window_20975.csv,exact_data/anomaly/window_20975.csv,-1
481,window_2100.csv,exact_data/anomaly/window_2100.csv,-1
482,window_21000.csv,exact_data/anomaly/window_21000.csv,-1
483,window_21025.csv,exact_data/anomaly/window_21025.csv,-1
484,window_21050.csv,exact_data/anomaly/window_21050.csv,-1
485,window_21075.csv,exact_data/anomaly/window_21075.csv,-1
486,window_21100.csv,exact_data/anomaly/window_21100.csv,-1
487,window_21125.csv,exact_data/anomaly/window_21125.csv,-1
488,window_21150.csv,exact_data/anomaly/window_21150.csv,7
489,window_21175.csv,exact_data/anomaly/window_21175.csv,7
490,window_21200.csv,exact_data/anomaly/window_21200.csv,-1
491,window_21225.csv,exact_data/anomaly/window_21225.csv,7
492,window_2125.csv,exact_data/anomaly/window_2125.csv,-1
493,window_21250.csv,exact_data/anomaly/window_21250.csv,7
494,window_21275.csv,exact_data/anomaly/window_21275.csv,-1
495,window_21300.csv,exact_data/anomaly/window_21300.csv,7
496,window_21325.csv,exact_data/anomaly/window_21325.csv,-1
497,window_21350.csv,exact_data/anomaly/window_21350.csv,-1
498,window_21375.csv,exact_data/anomaly/window_21375.csv,-1
499,window_21400.csv,exact_data/anomaly/window_21400.csv,-1
500,window_21425.csv,exact_data/anomaly/window_21425.csv,-1
501,window_21450.csv,exact_data/anomaly/window_21450.csv,-1
502,window_21475.csv,exact_data/anomaly/window_21475.csv,-1
503,window_2150.csv,exact_data/anomaly/window_2150.csv,-1
504,window_21500.csv,exact_data/anomaly/window_21500.csv,-1
505,window_21525.csv,exact_data/anomaly/window_21525.csv,-1
506,window_21550.csv,exact_data/anomaly/window_21550.csv,-1
507,window_21575.csv,exact_data/anomaly/window_21575.csv,-1
508,window_21600.csv,exact_data/anomaly/window_21600.csv,-1
509,window_21625.csv,exact_data/anomaly/window_21625.csv,-1
510,window_21650.csv,exact_data/anomaly/window_21650.csv,-1
511,window_21675.csv,exact_data/anomaly/window_21675.csv,-1
512,window_21700.csv,exact_data/anomaly/window_21700.csv,-1
513,window_21725.csv,exact_data/anomaly/window_21725.csv,-1
514,window_2175.csv,exact_data/anomaly/window_2175.csv,-1
515,window_21750.csv,exact_data/anomaly/window_21750.csv,-1
516,window_21775.csv,exact_data/anomaly/window_21775.csv,-1
517,window_21800.csv,exact_data/anomaly/window_21800.csv,-1
518,window_21825.csv,exact_data/anomaly/window_21825.csv,-1
519,window_21850.csv,exact_data/anomaly/window_21850.csv,-1
520,window_21875.csv,exact_data/anomaly/window_21875.csv,-1
521,window_21900.csv,exact_data/anomaly/window_21900.csv,-1
522,window_21925.csv,exact_data/anomaly/window_21925.csv,-1
523,window_21950.csv,exact_data/anomaly/window_21950.csv,-1
524,window_21975.csv,exact_data/anomaly/window_21975.csv,-1
525,window_2200.csv,exact_data/anomaly/window_2200.csv,-1
526,window_22000.csv,exact_data/anomaly/window_22000.csv,-1
527,window_22025.csv,exact_data/anomaly/window_22025.csv,-1
528,window_22050.csv,exact_data/anomaly/window_22050.csv,-1
529,window_22075.csv,exact_data/anomaly/window_22075.csv,-1
530,window_22100.csv,exact_data/anomaly/window_22100.csv,-1
531,window_22125.csv,exact_data/anomaly/window_22125.csv,-1
532,window_22150.csv,exact_data/anomaly/window_22150.csv,-1
533,window_22175.csv,exact_data/anomaly/window_22175.csv,-1
534,window_22200.csv,exact_data/anomaly/window_22200.csv,-1
535,window_22225.csv,exact_data/anomaly/window_22225.csv,-1
536,window_2225.csv,exact_data/anomaly/window_2225.csv,-1
537,window_22250.csv,exact_data/anomaly/window_22250.csv,-1
538,window_22275.csv,exact_data/anomaly/window_22275.csv,-1
539,window_22300.csv,exact_data/anomaly/window_22300.csv,-1
540,window_22325.csv,exact_data/anomaly/window_22325.csv,-1
541,window_22350.csv,exact_data/anomaly/window_22350.csv,7
542,window_22375.csv,exact_data/anomaly/window_22375.csv,7
543,window_22400.csv,exact_data/anomaly/window_22400.csv,7
544,window_22425.csv,exact_data/anomaly/window_22425.csv,7
545,window_22450.csv,exact_data/anomaly/window_22450.csv,7
546,window_22475.csv,exact_data/anomaly/window_22475.csv,7
547,window_2250.csv,exact_data/anomaly/window_2250.csv,-1
548,window_22500.csv,exact_data/anomaly/window_22500.csv,-1
549,window_22525.csv,exact_data/anomaly/window_22525.csv,7
550,window_22550.csv,exact_data/anomaly/window_22550.csv,-1
551,window_22575.csv,exact_data/anomaly/window_22575.csv,7
552,window_22600.csv,exact_data/anomaly/window_22600.csv,-1
553,window_22625.csv,exact_data/anomaly/window_22625.csv,7
554,window_22650.csv,exact_data/anomaly/window_22650.csv,-1
555,window_22675.csv,exact_data/anomaly/window_22675.csv,7
556,window_22700.csv,exact_data/anomaly/window_22700.csv,7
557,window_22725.csv,exact_data/anomaly/window_22725.csv,7
558,window_2275.csv,exact_data/anomaly/window_2275.csv,7
559,window_22750.csv,exact_data/anomaly/window_22750.csv,7
560,window_22775.csv,exact_data/anomaly/window_22775.csv,-1
561,window_22800.csv,exact_data/anomaly/window_22800.csv,-1
562,window_22825.csv,exact_data/anomaly/window_22825.csv,7
563,window_22850.csv,exact_data/anomaly/window_22850.csv,-1
564,window_22875.csv,exact_data/anomaly/window_22875.csv,-1
565,window_22900.csv,exact_data/anomaly/window_22900.csv,-1
566,window_22925.csv,exact_data/anomaly/window_22925.csv,7
567,window_22950.csv,exact_data/anomaly/window_22950.csv,7
568,window_22975.csv,exact_data/anomaly/window_22975.csv,-1
569,window_2300.csv,exact_data/anomaly/window_2300.csv,-1
570,window_23000.csv,exact_data/anomaly/window_23000.csv,-1
571,window_23025.csv,exact_data/anomaly/window_23025.csv,-1
572,window_23050.csv,exact_data/anomaly/window_23050.csv,-1
573,window_23075.csv,exact_data/anomaly/window_23075.csv,-1
574,window_23100.csv,exact_data/anomaly/window_23100.csv,-1
575,window_23125.csv,exact_data/anomaly/window_23125.csv,-1
576,window_23150.csv,exact_data/anomaly/window_23150.csv,-1
577,window_23175.csv,exact_data/anomaly/window_23175.csv,-1
578,window_23200.csv,exact_data/anomaly/window_23200.csv,-1
579,window_23225.csv,exact_data/anomaly/window_23225.csv,-1
580,window_2325.csv,exact_data/anomaly/window_2325.csv,-1
581,window_23250.csv,exact_data/anomaly/window_23250.csv,-1
582,window_23275.csv,exact_data/anomaly/window_23275.csv,-1
583,window_23300.csv,exact_data/anomaly/window_23300.csv,-1
584,window_23325.csv,exact_data/anomaly/window_23325.csv,-1
585,window_23350.csv,exact_data/anomaly/window_23350.csv,-1
586,window_23375.csv,exact_data/anomaly/window_23375.csv,-1
587,window_23400.csv,exact_data/anomaly/window_23400.csv,-1
588,window_23425.csv,exact_data/anomaly/window_23425.csv,-1
589,window_23450.csv,exact_data/anomaly/window_23450.csv,-1
590,window_23475.csv,exact_data/anomaly/window_23475.csv,-1
591,window_2350.csv,exact_data/anomaly/window_2350.csv,-1
592,window_23500.csv,exact_data/anomaly/window_23500.csv,-1
593,window_23525.csv,exact_data/anomaly/window_23525.csv,-1
594,window_23550.csv,exact_data/anomaly/window_23550.csv,-1
595,window_23575.csv,exact_data/anomaly/window_23575.csv,11
596,window_23600.csv,exact_data/anomaly/window_23600.csv,-1
597,window_23625.csv,exact_data/anomaly/window_23625.csv,-1
598,window_23650.csv,exact_data/anomaly/window_23650.csv,0
599,window_23675.csv,exact_data/anomaly/window_23675.csv,0
600,window_23700.csv,exact_data/anomaly/window_23700.csv,0
601,window_23725.csv,exact_data/anomaly/window_23725.csv,0
602,window_2375.csv,exact_data/anomaly/window_2375.csv,0
603,window_23750.csv,exact_data/anomaly/window_23750.csv,0
604,window_23775.csv,exact_data/anomaly/window_23775.csv,0
605,window_23800.csv,exact_data/anomaly/window_23800.csv,0
606,window_23825.csv,exact_data/anomaly/window_23825.csv,0
607,window_23850.csv,exact_data/anomaly/window_23850.csv,0
608,window_23875.csv,exact_data/anomaly/window_23875.csv,0
609,window_23900.csv,exact_data/anomaly/window_23900.csv,0
610,window_23925.csv,exact_data/anomaly/window_23925.csv,0
611,window_23950.csv,exact_data/anomaly/window_23950.csv,0
612,window_23975.csv,exact_data/anomaly/window_23975.csv,0
613,window_2400.csv,exact_data/anomaly/window_2400.csv,0
614,window_24000.csv,exact_data/anomaly/window_24000.csv,0
615,window_24025.csv,exact_data/anomaly/window_24025.csv,0
616,window_24050.csv,exact_data/anomaly/window_24050.csv,0
617,window_24075.csv,exact_data/anomaly/window_24075.csv,0
618,window_24100.csv,exact_data/anomaly/window_24100.csv,0
619,window_24125.csv,exact_data/anomaly/window_24125.csv,0
620,window_24150.csv,exact_data/anomaly/window_24150.csv,0
621,window_24175.csv,exact_data/anomaly/window_24175.csv,0
622,window_24200.csv,exact_data/anomaly/window_24200.csv,0
623,window_24225.csv,exact_data/anomaly/window_24225.csv,0
624,window_2425.csv,exact_data/anomaly/window_2425.csv,0
625,window_24250.csv,exact_data/anomaly/window_24250.csv,0
626,window_24275.csv,exact_data/anomaly/window_24275.csv,0
627,window_24300.csv,exact_data/anomaly/window_24300.csv,0
628,window_24325.csv,exact_data/anomaly/window_24325.csv,0
629,window_24350.csv,exact_data/anomaly/window_24350.csv,0
630,window_24375.csv,exact_data/anomaly/window_24375.csv,0
631,window_24400.csv,exact_data/anomaly/window_24400.csv,0
632,window_24425.csv,exact_data/anomaly/window_24425.csv,0
633,window_24450.csv,exact_data/anomaly/window_24450.csv,0
634,window_24475.csv,exact_data/anomaly/window_24475.csv,0
635,window_2450.csv,exact_data/anomaly/window_2450.csv,0
636,window_24500.csv,exact_data/anomaly/window_24500.csv,0
637,window_24525.csv,exact_data/anomaly/window_24525.csv,0
638,window_24550.csv,exact_data/anomaly/window_24550.csv,0
639,window_24575.csv,exact_data/anomaly/window_24575.csv,0
640,window_24600.csv,exact_data/anomaly/window_24600.csv,-1
641,window_24625.csv,exact_data/anomaly/window_24625.csv,-1
642,window_24650.csv,exact_data/anomaly/window_24650.csv,0
643,window_24675.csv,exact_data/anomaly/window_24675.csv,0
644,window_24700.csv,exact_data/anomaly/window_24700.csv,0
645,window_24725.csv,exact_data/anomaly/window_24725.csv,0
646,window_2475.csv,exact_data/anomaly/window_2475.csv,0
647,window_24750.csv,exact_data/anomaly/window_24750.csv,0
648,window_24775.csv,exact_data/anomaly/window_24775.csv,0
649,window_24800.csv,exact_data/anomaly/window_24800.csv,0
650,window_24825.csv,exact_data/anomaly/window_24825.csv,0
651,window_24850.csv,exact_data/anomaly/window_24850.csv,0
652,window_24875.csv,exact_data/anomaly/window_24875.csv,0
653,window_24900.csv,exact_data/anomaly/window_24900.csv,0
654,window_24925.csv,exact_data/anomaly/window_24925.csv,0
655,window_24950.csv,exact_data/anomaly/window_24950.csv,-1
656,window_24975.csv,exact_data/anomaly/window_24975.csv,1
657,window_2500.csv,exact_data/anomaly/window_2500.csv,-1
658,window_25000.csv,exact_data/anomaly/window_25000.csv,-1
659,window_25025.csv,exact_data/anomaly/window_25025.csv,-1
660,window_25050.csv,exact_data/anomaly/window_25050.csv,1
661,window_25075.csv,exact_data/anomaly/window_25075.csv,1
662,window_25100.csv,exact_data/anomaly/window_25100.csv,1
663,window_25125.csv,exact_data/anomaly/window_25125.csv,1
664,window_25150.csv,exact_data/anomaly/window_25150.csv,-1
665,window_25175.csv,exact_data/anomaly/window_25175.csv,-1
666,window_25200.csv,exact_data/anomaly/window_25200.csv,-1
667,window_25225.csv,exact_data/anomaly/window_25225.csv,-1
668,window_2525.csv,exact_data/anomaly/window_2525.csv,-1
669,window_25250.csv,exact_data/anomaly/window_25250.csv,8
670,window_25275.csv,exact_data/anomaly/window_25275.csv,-1
671,window_25300.csv,exact_data/anomaly/window_25300.csv,-1
672,window_25325.csv,exact_data/anomaly/window_25325.csv,-1
673,window_25350.csv,exact_data/anomaly/window_25350.csv,8
674,window_25375.csv,exact_data/anomaly/window_25375.csv,-1
675,window_25400.csv,exact_data/anomaly/window_25400.csv,-1
676,window_25425.csv,exact_data/anomaly/window_25425.csv,8
677,window_25450.csv,exact_data/anomaly/window_25450.csv,8
678,window_25475.csv,exact_data/anomaly/window_25475.csv,8
679,window_2550.csv,exact_data/anomaly/window_2550.csv,8
680,window_25500.csv,exact_data/anomaly/window_25500.csv,8
681,window_25525.csv,exact_data/anomaly/window_25525.csv,8
682,window_25550.csv,exact_data/anomaly/window_25550.csv,-1
683,window_25575.csv,exact_data/anomaly/window_25575.csv,-1
684,window_25600.csv,exact_data/anomaly/window_25600.csv,8
685,window_25625.csv,exact_data/anomaly/window_25625.csv,-1
686,window_25650.csv,exact_data/anomaly/window_25650.csv,-1
687,window_25675.csv,exact_data/anomaly/window_25675.csv,-1
688,window_25700.csv,exact_data/anomaly/window_25700.csv,-1
689,window_25725.csv,exact_data/anomaly/window_25725.csv,-1
690,window_2575.csv,exact_data/anomaly/window_2575.csv,-1
691,window_25750.csv,exact_data/anomaly/window_25750.csv,-1
692,window_25775.csv,exact_data/anomaly/window_25775.csv,8
693,window_25800.csv,exact_data/anomaly/window_25800.csv,8
694,window_25825.csv,exact_data/anomaly/window_25825.csv,-1
695,window_25850.csv,exact_data/anomaly/window_25850.csv,-1
696,window_25875.csv,exact_data/anomaly/window_25875.csv,-1
697,window_25900.csv,exact_data/anomaly/window_25900.csv,-1
698,window_25925.csv,exact_data/anomaly/window_25925.csv,-1
699,window_25950.csv,exact_data/anomaly/window_25950.csv,-1
700,window_25975.csv,exact_data/anomaly/window_25975.csv,-1
701,window_2600.csv,exact_data/anomaly/window_2600.csv,-1
702,window_26000.csv,exact_data/anomaly/window_26000.csv,-1
703,window_2625.csv,exact_data/anomaly/window_2625.csv,-1
704,window_2650.csv,exact_data/anomaly/window_2650.csv,-1
705,window_2675.csv,exact_data/anomaly/window_2675.csv,-1
706,window_2700.csv,exact_data/anomaly/window_2700.csv,-1
707,window_2725.csv,exact_data/anomaly/window_2725.csv,-1
708,window_2750.csv,exact_data/anomaly/window_2750.csv,-1
709,window_2775.csv,exact_data/anomaly/window_2775.csv,-1
710,window_2800.csv,exact_data/anomaly/window_2800.csv,-1
711,window_2825.csv,exact_data/anomaly/window_2825.csv,-1
712,window_2850.csv,exact_data/anomaly/window_2850.csv,-1
713,window_2875.csv,exact_data/anomaly/window_2875.csv,-1
714,window_2900.csv,exact_data/anomaly/window_2900.csv,-1
715,window_2925.csv,exact_data/anomaly/window_2925.csv,-1
716,window_2950.csv,exact_data/anomaly/window_2950.csv,-1
717,window_2975.csv,exact_data/anomaly/window_2975.csv,-1
718,window_3000.csv,exact_data/anomaly/window_3000.csv,-1
719,window_3025.csv,exact_data/anomaly/window_3025.csv,-1
720,window_3050.csv,exact_data/anomaly/window_3050.csv,-1
721,window_3075.csv,exact_data/anomaly/window_3075.csv,-1
722,window_3100.csv,exact_data/anomaly/window_3100.csv,-1
723,window_3125.csv,exact_data/anomaly/window_3125.csv,-1
724,window_3150.csv,exact_data/anomaly/window_3150.csv,-1
725,window_3175.csv,exact_data/anomaly/window_3175.csv,-1
726,window_3200.csv,exact_data/anomaly/window_3200.csv,1
727,window_3225.csv,exact_data/anomaly/window_3225.csv,-1
728,window_325.csv,exact_data/anomaly/window_325.csv,-1
729,window_3250.csv,exact_data/anomaly/window_3250.csv,1
730,window_3275.csv,exact_data/anomaly/window_3275.csv,-1
731,window_3300.csv,exact_data/anomaly/window_3300.csv,1
732,window_3325.csv,exact_data/anomaly/window_3325.csv,1
733,window_3350.csv,exact_data/anomaly/window_3350.csv,1
734,window_3375.csv,exact_data/anomaly/window_3375.csv,-1
735,window_3400.csv,exact_data/anomaly/window_3400.csv,-1
736,window_3425.csv,exact_data/anomaly/window_3425.csv,-1
737,window_3450.csv,exact_data/anomaly/window_3450.csv,-1
738,window_3475.csv,exact_data/anomaly/window_3475.csv,-1
739,window_350.csv,exact_data/anomaly/window_350.csv,-1
740,window_3500.csv,exact_data/anomaly/window_3500.csv,-1
741,window_3525.csv,exact_data/anomaly/window_3525.csv,-1
742,window_3550.csv,exact_data/anomaly/window_3550.csv,-1
743,window_3575.csv,exact_data/anomaly/window_3575.csv,-1
744,window_3600.csv,exact_data/anomaly/window_3600.csv,9
745,window_3625.csv,exact_data/anomaly/window_3625.csv,9
746,window_3650.csv,exact_data/anomaly/window_3650.csv,9
747,window_3675.csv,exact_data/anomaly/window_3675.csv,9
748,window_3700.csv,exact_data/anomaly/window_3700.csv,-1
749,window_3725.csv,exact_data/anomaly/window_3725.csv,-1
750,window_3750.csv,exact_data/anomaly/window_3750.csv,-1
751,window_3775.csv,exact_data/anomaly/window_3775.csv,-1
752,window_3800.csv,exact_data/anomaly/window_3800.csv,-1
753,window_3825.csv,exact_data/anomaly/window_3825.csv,-1
754,window_3850.csv,exact_data/anomaly/window_3850.csv,-1
755,window_3875.csv,exact_data/anomaly/window_3875.csv,-1
756,window_3900.csv,exact_data/anomaly/window_3900.csv,-1
757,window_3925.csv,exact_data/anomaly/window_3925.csv,-1
758,window_3950.csv,exact_data/anomaly/window_3950.csv,-1
759,window_3975.csv,exact_data/anomaly/window_3975.csv,-1
760,window_400.csv,exact_data/anomaly/window_400.csv,-1
761,window_4000.csv,exact_data/anomaly/window_4000.csv,-1
762,window_4025.csv,exact_data/anomaly/window_4025.csv,-1
763,window_4050.csv,exact_data/anomaly/window_4050.csv,-1
764,window_4075.csv,exact_data/anomaly/window_4075.csv,-1
765,window_4100.csv,exact_data/anomaly/window_4100.csv,-1
766,window_4125.csv,exact_data/anomaly/window_4125.csv,-1
767,window_4150.csv,exact_data/anomaly/window_4150.csv,-1
768,window_4175.csv,exact_data/anomaly/window_4175.csv,-1
769,window_4200.csv,exact_data/anomaly/window_4200.csv,-1
770,window_4225.csv,exact_data/anomaly/window_4225.csv,-1
771,window_425.csv,exact_data/anomaly/window_425.csv,-1
772,window_4250.csv,exact_data/anomaly/window_4250.csv,-1
773,window_4275.csv,exact_data/anomaly/window_4275.csv,-1
774,window_4300.csv,exact_data/anomaly/window_4300.csv,-1
775,window_4325.csv,exact_data/anomaly/window_4325.csv,-1
776,window_4350.csv,exact_data/anomaly/window_4350.csv,-1
777,window_4375.csv,exact_data/anomaly/window_4375.csv,-1
778,window_4400.csv,exact_data/anomaly/window_4400.csv,-1
779,window_4425.csv,exact_data/anomaly/window_4425.csv,-1
780,window_4450.csv,exact_data/anomaly/window_4450.csv,-1
781,window_4475.csv,exact_data/anomaly/window_4475.csv,-1
782,window_4500.csv,exact_data/anomaly/window_4500.csv,11
783,window_4525.csv,exact_data/anomaly/window_4525.csv,-1
784,window_4550.csv,exact_data/anomaly/window_4550.csv,0
785,window_4575.csv,exact_data/anomaly/window_4575.csv,0
786,window_4600.csv,exact_data/anomaly/window_4600.csv,0
787,window_4625.csv,exact_data/anomaly/window_4625.csv,0
788,window_4650.csv,exact_data/anomaly/window_4650.csv,0
789,window_4675.csv,exact_data/anomaly/window_4675.csv,0
790,window_4700.csv,exact_data/anomaly/window_4700.csv,0
791,window_4725.csv,exact_data/anomaly/window_4725.csv,0
792,window_4750.csv,exact_data/anomaly/window_4750.csv,0
793,window_4775.csv,exact_data/anomaly/window_4775.csv,0
794,window_4800.csv,exact_data/anomaly/window_4800.csv,0
795,window_4825.csv,exact_data/anomaly/window_4825.csv,0
796,window_4850.csv,exact_data/anomaly/window_4850.csv,0
797,window_4875.csv,exact_data/anomaly/window_4875.csv,0
798,window_4900.csv,exact_data/anomaly/window_4900.csv,0
799,window_4925.csv,exact_data/anomaly/window_4925.csv,0
800,window_4950.csv,exact_data/anomaly/window_4950.csv,0
801,window_4975.csv,exact_data/anomaly/window_4975.csv,0
802,window_50.csv,exact_data/anomaly/window_50.csv,0
803,window_5000.csv,exact_data/anomaly/window_5000.csv,0
804,window_5025.csv,exact_data/anomaly/window_5025.csv,0
805,window_5050.csv,exact_data/anomaly/window_5050.csv,0
806,window_5075.csv,exact_data/anomaly/window_5075.csv,0
807,window_5100.csv,exact_data/anomaly/window_5100.csv,0
808,window_5125.csv,exact_data/anomaly/window_5125.csv,0
809,window_5150.csv,exact_data/anomaly/window_5150.csv,0
810,window_5175.csv,exact_data/anomaly/window_5175.csv,0
811,window_5200.csv,exact_data/anomaly/window_5200.csv,0
812,window_5225.csv,exact_data/anomaly/window_5225.csv,0
813,window_5250.csv,exact_data/anomaly/window_5250.csv,0
814,window_5275.csv,exact_data/anomaly/window_5275.csv,0
815,window_5300.csv,exact_data/anomaly/window_5300.csv,0
816,window_5325.csv,exact_data/anomaly/window_5325.csv,0
817,window_5350.csv,exact_data/anomaly/window_5350.csv,0
818,window_5375.csv,exact_data/anomaly/window_5375.csv,0
819,window_5400.csv,exact_data/anomaly/window_5400.csv,0
820,window_5425.csv,exact_data/anomaly/window_5425.csv,-1
821,window_5450.csv,exact_data/anomaly/window_5450.csv,-1
822,window_5475.csv,exact_data/anomaly/window_5475.csv,0
823,window_5500.csv,exact_data/anomaly/window_5500.csv,0
824,window_5525.csv,exact_data/anomaly/window_5525.csv,0
825,window_5550.csv,exact_data/anomaly/window_5550.csv,0
826,window_5575.csv,exact_data/anomaly/window_5575.csv,0
827,window_5600.csv,exact_data/anomaly/window_5600.csv,0
828,window_5625.csv,exact_data/anomaly/window_5625.csv,0
829,window_5650.csv,exact_data/anomaly/window_5650.csv,0
830,window_5675.csv,exact_data/anomaly/window_5675.csv,0
831,window_5700.csv,exact_data/anomaly/window_5700.csv,0
832,window_5725.csv,exact_data/anomaly/window_5725.csv,0
833,window_575.csv,exact_data/anomaly/window_575.csv,0
834,window_5750.csv,exact_data/anomaly/window_5750.csv,0
835,window_5775.csv,exact_data/anomaly/window_5775.csv,0
836,window_5800.csv,exact_data/anomaly/window_5800.csv,0
837,window_5825.csv,exact_data/anomaly/window_5825.csv,0
838,window_5850.csv,exact_data/anomaly/window_5850.csv,0
839,window_5875.csv,exact_data/anomaly/window_5875.csv,-1
840,window_5900.csv,exact_data/anomaly/window_5900.csv,1
841,window_5925.csv,exact_data/anomaly/window_5925.csv,1
842,window_5950.csv,exact_data/anomaly/window_5950.csv,1
843,window_5975.csv,exact_data/anomaly/window_5975.csv,1
844,window_600.csv,exact_data/anomaly/window_600.csv,1
845,window_6000.csv,exact_data/anomaly/window_6000.csv,1
846,window_6025.csv,exact_data/anomaly/window_6025.csv,1
847,window_6050.csv,exact_data/anomaly/window_6050.csv,1
848,window_6075.csv,exact_data/anomaly/window_6075.csv,1
849,window_6100.csv,exact_data/anomaly/window_6100.csv,1
850,window_6125.csv,exact_data/anomaly/window_6125.csv,-1
851,window_6150.csv,exact_data/anomaly/window_6150.csv,-1
852,window_6175.csv,exact_data/anomaly/window_6175.csv,-1
853,window_6200.csv,exact_data/anomaly/window_6200.csv,-1
854,window_6225.csv,exact_data/anomaly/window_6225.csv,-1
855,window_6250.csv,exact_data/anomaly/window_6250.csv,-1
856,window_6275.csv,exact_data/anomaly/window_6275.csv,8
857,window_6300.csv,exact_data/anomaly/window_6300.csv,8
858,window_6325.csv,exact_data/anomaly/window_6325.csv,8
859,window_6350.csv,exact_data/anomaly/window_6350.csv,-1
860,window_6375.csv,exact_data/anomaly/window_6375.csv,-1
861,window_6400.csv,exact_data/anomaly/window_6400.csv,-1
862,window_6425.csv,exact_data/anomaly/window_6425.csv,-1
863,window_6450.csv,exact_data/anomaly/window_6450.csv,-1
864,window_6475.csv,exact_data/anomaly/window_6475.csv,-1
865,window_6500.csv,exact_data/anomaly/window_6500.csv,-1
866,window_6525.csv,exact_data/anomaly/window_6525.csv,-1
867,window_6550.csv,exact_data/anomaly/window_6550.csv,-1
868,window_6575.csv,exact_data/anomaly/window_6575.csv,-1
869,window_6600.csv,exact_data/anomaly/window_6600.csv,-1
870,window_6625.csv,exact_data/anomaly/window_6625.csv,-1
871,window_6650.csv,exact_data/anomaly/window_6650.csv,-1
872,window_6675.csv,exact_data/anomaly/window_6675.csv,-1
873,window_6700.csv,exact_data/anomaly/window_6700.csv,-1
874,window_6725.csv,exact_data/anomaly/window_6725.csv,-1
875,window_675.csv,exact_data/anomaly/window_675.csv,-1
876,window_6750.csv,exact_data/anomaly/window_6750.csv,-1
877,window_6775.csv,exact_data/anomaly/window_6775.csv,-1
878,window_6800.csv,exact_data/anomaly/window_6800.csv,-1
879,window_6825.csv,exact_data/anomaly/window_6825.csv,-1
880,window_6850.csv,exact_data/anomaly/window_6850.csv,-1
881,window_6875.csv,exact_data/anomaly/window_6875.csv,-1
882,window_6900.csv,exact_data/anomaly/window_6900.csv,-1
883,window_6925.csv,exact_data/anomaly/window_6925.csv,-1
884,window_6950.csv,exact_data/anomaly/window_6950.csv,-1
885,window_6975.csv,exact_data/anomaly/window_6975.csv,-1
886,window_700.csv,exact_data/anomaly/window_700.csv,-1
887,window_7000.csv,exact_data/anomaly/window_7000.csv,-1
888,window_7025.csv,exact_data/anomaly/window_7025.csv,-1
889,window_7050.csv,exact_data/anomaly/window_7050.csv,-1
890,window_7075.csv,exact_data/anomaly/window_7075.csv,-1
891,window_7100.csv,exact_data/anomaly/window_7100.csv,-1
892,window_7125.csv,exact_data/anomaly/window_7125.csv,-1
893,window_7150.csv,exact_data/anomaly/window_7150.csv,-1
894,window_7175.csv,exact_data/anomaly/window_7175.csv,-1
895,window_7200.csv,exact_data/anomaly/window_7200.csv,-1
896,window_7225.csv,exact_data/anomaly/window_7225.csv,-1
897,window_725.csv,exact_data/anomaly/window_725.csv,-1
898,window_7250.csv,exact_data/anomaly/window_7250.csv,10
899,window_7275.csv,exact_data/anomaly/window_7275.csv,-1
900,window_7300.csv,exact_data/anomaly/window_7300.csv,-1
901,window_7325.csv,exact_data/anomaly/window_7325.csv,10
902,window_7350.csv,exact_data/anomaly/window_7350.csv,10
903,window_7375.csv,exact_data/anomaly/window_7375.csv,-1
904,window_7400.csv,exact_data/anomaly/window_7400.csv,-1
905,window_7425.csv,exact_data/anomaly/window_7425.csv,-1
906,window_7450.csv,exact_data/anomaly/window_7450.csv,-1
907,window_7475.csv,exact_data/anomaly/window_7475.csv,-1
908,window_75.csv,exact_data/anomaly/window_75.csv,-1
909,window_750.csv,exact_data/anomaly/window_750.csv,-1
910,window_7500.csv,exact_data/anomaly/window_7500.csv,-1
911,window_7525.csv,exact_data/anomaly/window_7525.csv,-1
912,window_7550.csv,exact_data/anomaly/window_7550.csv,-1
913,window_7575.csv,exact_data/anomaly/window_7575.csv,-1
914,window_7600.csv,exact_data/anomaly/window_7600.csv,-1
915,window_7625.csv,exact_data/anomaly/window_7625.csv,-1
916,window_7650.csv,exact_data/anomaly/window_7650.csv,-1
917,window_7675.csv,exact_data/anomaly/window_7675.csv,-1
918,window_7700.csv,exact_data/anomaly/window_7700.csv,-1
919,window_7725.csv,exact_data/anomaly/window_7725.csv,-1
920,window_775.csv,exact_data/anomaly/window_775.csv,-1
921,window_7750.csv,exact_data/anomaly/window_7750.csv,-1
922,window_7775.csv,exact_data/anomaly/window_7775.csv,-1
923,window_7800.csv,exact_data/anomaly/window_7800.csv,-1
924,window_7825.csv,exact_data/anomaly/window_7825.csv,-1
925,window_7850.csv,exact_data/anomaly/window_7850.csv,-1
926,window_7875.csv,exact_data/anomaly/window_7875.csv,-1
927,window_7900.csv,exact_data/anomaly/window_7900.csv,-1
928,window_7925.csv,exact_data/anomaly/window_7925.csv,-1
929,window_7950.csv,exact_data/anomaly/window_7950.csv,-1
930,window_7975.csv,exact_data/anomaly/window_7975.csv,-1
931,window_800.csv,exact_data/anomaly/window_800.csv,-1
932,window_8000.csv,exact_data/anomaly/window_8000.csv,-1
933,window_8025.csv,exact_data/anomaly/window_8025.csv,-1
934,window_8050.csv,exact_data/anomaly/window_8050.csv,-1
935,window_8075.csv,exact_data/anomaly/window_8075.csv,-1
936,window_8100.csv,exact_data/anomaly/window_8100.csv,-1
937,window_8125.csv,exact_data/anomaly/window_8125.csv,-1
938,window_8150.csv,exact_data/anomaly/window_8150.csv,-1
939,window_8175.csv,exact_data/anomaly/window_8175.csv,-1
940,window_8200.csv,exact_data/anomaly/window_8200.csv,-1
941,window_8225.csv,exact_data/anomaly/window_8225.csv,-1
942,window_825.csv,exact_data/anomaly/window_825.csv,-1
943,window_8250.csv,exact_data/anomaly/window_8250.csv,-1
944,window_8275.csv,exact_data/anomaly/window_8275.csv,-1
945,window_8300.csv,exact_data/anomaly/window_8300.csv,-1
946,window_8325.csv,exact_data/anomaly/window_8325.csv,-1
947,window_8350.csv,exact_data/anomaly/window_8350.csv,-1
948,window_8375.csv,exact_data/anomaly/window_8375.csv,-1
949,window_8400.csv,exact_data/anomaly/window_8400.csv,-1
950,window_8425.csv,exact_data/anomaly/window_8425.csv,-1
951,window_8450.csv,exact_data/anomaly/window_8450.csv,-1
952,window_8475.csv,exact_data/anomaly/window_8475.csv,-1
953,window_850.csv,exact_data/anomaly/window_850.csv,-1
954,window_8500.csv,exact_data/anomaly/window_8500.csv,-1
955,window_8525.csv,exact_data/anomaly/window_8525.csv,-1
956,window_8550.csv,exact_data/anomaly/window_8550.csv,-1
957,window_8575.csv,exact_data/anomaly/window_8575.csv,-1
958,window_8600.csv,exact_data/anomaly/window_8600.csv,-1
959,window_8625.csv,exact_data/anomaly/window_8625.csv,-1
960,window_8650.csv,exact_data/anomaly/window_8650.csv,-1
961,window_8675.csv,exact_data/anomaly/window_8675.csv,-1
962,window_8700.csv,exact_data/anomaly/window_8700.csv,-1
963,window_8725.csv,exact_data/anomaly/window_8725.csv,-1
964,window_875.csv,exact_data/anomaly/window_875.csv,10
965,window_8750.csv,exact_data/anomaly/window_8750.csv,-1
966,window_8775.csv,exact_data/anomaly/window_8775.csv,-1
967,window_8800.csv,exact_data/anomaly/window_8800.csv,-1
968,window_8825.csv,exact_data/anomaly/window_8825.csv,-1
969,window_8850.csv,exact_data/anomaly/window_8850.csv,-1
970,window_8875.csv,exact_data/anomaly/window_8875.csv,-1
971,window_8900.csv,exact_data/anomaly/window_8900.csv,-1
972,window_8925.csv,exact_data/anomaly/window_8925.csv,-1
973,window_8950.csv,exact_data/anomaly/window_8950.csv,-1
974,window_8975.csv,exact_data/anomaly/window_8975.csv,-1
975,window_900.csv,exact_data/anomaly/window_900.csv,-1
976,window_9000.csv,exact_data/anomaly/window_9000.csv,-1
977,window_9025.csv,exact_data/anomaly/window_9025.csv,-1
978,window_9050.csv,exact_data/anomaly/window_9050.csv,-1
979,window_9075.csv,exact_data/anomaly/window_9075.csv,-1
980,window_9100.csv,exact_data/anomaly/window_9100.csv,-1
981,window_9125.csv,exact_data/anomaly/window_9125.csv,10
982,window_9150.csv,exact_data/anomaly/window_9150.csv,-1
983,window_9175.csv,exact_data/anomaly/window_9175.csv,-1
984,window_9200.csv,exact_data/anomaly/window_9200.csv,-1
985,window_9225.csv,exact_data/anomaly/window_9225.csv,-1
986,window_925.csv,exact_data/anomaly/window_925.csv,-1
987,window_9250.csv,exact_data/anomaly/window_9250.csv,-1
988,window_9275.csv,exact_data/anomaly/window_9275.csv,-1
989,window_9300.csv,exact_data/anomaly/window_9300.csv,7
990,window_9325.csv,exact_data/anomaly/window_9325.csv,7
991,window_9350.csv,exact_data/anomaly/window_9350.csv,7
992,window_9375.csv,exact_data/anomaly/window_9375.csv,7
993,window_9400.csv,exact_data/anomaly/window_9400.csv,-1
994,window_9425.csv,exact_data/anomaly/window_9425.csv,-1
995,window_9450.csv,exact_data/anomaly/window_9450.csv,7
996,window_9475.csv,exact_data/anomaly/window_9475.csv,7
997,window_950.csv,exact_data/anomaly/window_950.csv,7
998,window_9500.csv,exact_data/anomaly/window_9500.csv,7
999,window_9525.csv,exact_data/anomaly/window_9525.csv,-1
1000,window_9550.csv,exact_data/anomaly/window_9550.csv,-1
1001,window_9575.csv,exact_data/anomaly/window_9575.csv,-1
1002,window_9600.csv,exact_data/anomaly/window_9600.csv,-1
1003,window_9625.csv,exact_data/anomaly/window_9625.csv,-1
1004,window_9650.csv,exact_data/anomaly/window_9650.csv,-1
1005,window_9675.csv,exact_data/anomaly/window_9675.csv,-1
1006,window_9700.csv,exact_data/anomaly/window_9700.csv,-1
1007,window_9725.csv,exact_data/anomaly/window_9725.csv,-1
1008,window_975.csv,exact_data/anomaly/window_975.csv,-1
1009,window_9750.csv,exact_data/anomaly/window_9750.csv,-1
1010,window_9775.csv,exact_data/anomaly/window_9775.csv,-1
1011,window_9800.csv,exact_data/anomaly/window_9800.csv,-1
1012,window_9825.csv,exact_data/anomaly/window_9825.csv,-1
1013,window_9850.csv,exact_data/anomaly/window_9850.csv,-1
1014,window_9875.csv,exact_data/anomaly/window_9875.csv,-1
1015,window_9900.csv,exact_data/anomaly/window_9900.csv,-1
1016,window_9925.csv,exact_data/anomaly/window_9925.csv,-1
1017,window_9950.csv,exact_data/anomaly/window_9950.csv,-1
1018,window_9975.csv,exact_data/anomaly/window_9975.csv,-1
