window_idx,dbscan_label
0,-1
1,-1
2,-1
3,-1
4,0
5,0
6,0
7,0
8,0
9,0
10,0
11,0
12,0
13,0
14,0
15,0
16,0
17,0
18,0
19,0
20,0
21,0
22,0
23,0
24,0
25,0
26,0
27,0
28,0
29,0
30,-1
31,-1
32,0
33,0
34,0
35,0
36,-1
37,1
38,1
39,1
40,1
41,1
42,1
43,1
44,1
45,2
46,2
47,2
48,2
49,-1
50,-1
51,-1
52,-1
53,3
54,3
55,3
56,3
57,3
58,3
59,3
60,-1
61,-1
62,-1
63,-1
64,-1
65,4
66,4
67,4
68,4
69,4
70,4
71,4
72,4
73,4
74,4
75,4
76,4
77,4
78,4
79,4
80,4
81,4
82,4
83,4
84,4
85,4
86,4
87,4
88,4
89,4
90,4
91,4
92,4
93,4
94,4
95,4
96,4
97,4
98,4
99,4
100,4
101,4
102,4
103,4
104,4
105,4
106,4
107,4
108,4
109,4
110,4
111,4
112,4
113,4
114,4
115,4
116,4
117,4
118,4
119,4
120,4
121,4
122,4
123,4
124,4
125,4
126,4
127,4
128,4
129,4
130,4
131,4
132,4
133,4
134,4
135,4
136,4
137,4
138,4
139,4
140,4
141,4
142,4
143,4
144,4
145,4
146,4
147,4
148,4
149,4
150,4
151,4
152,4
153,4
154,4
155,4
156,4
157,4
158,4
159,4
160,4
161,4
162,4
163,4
164,4
165,4
166,4
167,-1
168,-1
169,-1
170,-1
171,-1
172,-1
173,-1
174,-1
175,-1
176,-1
177,-1
178,-1
179,5
180,5
181,5
182,5
183,5
184,5
185,-1
186,5
187,5
188,5
189,5
190,5
191,5
192,5
193,5
194,5
195,5
196,5
197,5
198,5
199,5
200,5
201,5
202,5
203,5
204,5
205,5
206,5
207,5
208,5
209,5
210,5
211,5
212,5
213,5
214,5
215,5
216,5
217,5
218,5
219,5
220,5
221,5
222,5
223,5
224,5
225,5
226,5
227,5
228,5
229,5
230,5
231,-1
232,-1
233,-1
234,-1
235,-1
236,-1
237,-1
238,-1
239,-1
240,-1
241,-1
242,-1
243,-1
244,-1
245,-1
246,0
247,0
248,0
249,0
250,-1
251,-1
252,-1
253,-1
254,0
255,0
256,0
257,0
258,0
259,0
260,0
261,0
262,0
263,0
264,0
265,0
266,0
267,0
268,0
269,0
270,-1
271,-1
272,-1
273,-1
274,-1
275,-1
276,1
277,-1
278,-1
279,2
280,-1
281,-1
282,-1
283,-1
284,3
285,3
286,3
287,3
288,-1
289,-1
290,-1
291,-1
292,-1
293,-1
294,-1
295,6
296,6
297,6
298,6
299,6
300,6
301,6
302,6
303,6
304,6
305,6
306,6
307,6
308,6
309,6
310,6
311,-1
312,-1
313,6
314,6
315,6
316,6
317,6
318,-1
319,6
320,6
321,6
322,-1
323,6
324,6
325,6
326,6
327,6
328,6
329,6
330,6
331,6
332,6
333,6
334,-1
335,-1
336,-1
337,-1
338,-1
339,-1
340,5
341,5
342,5
343,-1
344,5
345,5
346,5
347,-1
348,-1
349,5
350,5
351,5
352,5
353,-1
354,5
355,5
356,-1
357,5
358,-1
359,5
360,5
361,-1
362,5
363,5
364,5
365,5
366,-1
367,5
368,5
369,5
370,5
371,5
372,-1
373,5
374,5
375,5
376,-1
377,-1
378,5
379,-1
380,-1
381,5
382,5
383,5
384,5
385,5
386,5
387,5
388,5
389,5
390,5
391,5
392,5
393,5
394,5
395,5
396,5
397,5
398,5
399,5
400,5
401,5
402,5
403,5
404,5
405,5
406,5
407,5
408,5
409,5
410,5
411,5
412,5
413,5
414,5
415,5
416,5
417,5
418,5
419,5
420,5
421,5
422,5
423,5
424,5
425,5
426,5
427,5
428,5
429,5
430,5
431,5
432,5
433,5
434,5
435,-1
436,5
437,5
438,5
439,-1
440,-1
441,5
442,5
443,5
444,5
445,5
446,5
447,5
448,5
449,5
450,5
451,5
452,5
453,5
454,5
455,5
456,5
457,5
458,5
459,5
460,-1
461,-1
462,-1
463,5
464,5
465,5
466,5
467,5
468,5
469,-1
470,-1
471,-1
472,-1
473,-1
474,-1
475,-1
476,-1
477,-1
478,-1
479,-1
480,-1
481,-1
482,-1
483,-1
484,-1
485,-1
486,-1
487,-1
488,7
489,7
490,-1
491,7
492,-1
493,7
494,-1
495,7
496,-1
497,-1
498,-1
499,-1
500,-1
501,-1
502,-1
503,-1
504,-1
505,-1
506,-1
507,-1
508,-1
509,-1
510,-1
511,-1
512,-1
513,-1
514,-1
515,-1
516,-1
517,-1
518,-1
519,-1
520,-1
521,-1
522,-1
523,-1
524,-1
525,-1
526,-1
527,-1
528,-1
529,-1
530,-1
531,-1
532,-1
533,-1
534,-1
535,-1
536,-1
537,-1
538,-1
539,-1
540,-1
541,7
542,7
543,7
544,7
545,7
546,7
547,-1
548,-1
549,7
550,-1
551,7
552,-1
553,7
554,-1
555,7
556,7
557,7
558,7
559,7
560,-1
561,-1
562,7
563,-1
564,-1
565,-1
566,7
567,7
568,-1
569,-1
570,-1
571,-1
572,-1
573,-1
574,-1
575,-1
576,-1
577,-1
578,-1
579,-1
580,-1
581,-1
582,-1
583,-1
584,-1
585,-1
586,-1
587,-1
588,-1
589,-1
590,-1
591,-1
592,-1
593,-1
594,-1
595,11
596,-1
597,-1
598,0
599,0
600,0
601,0
602,0
603,0
604,0
605,0
606,0
607,0
608,0
609,0
610,0
611,0
612,0
613,0
614,0
615,0
616,0
617,0
618,0
619,0
620,0
621,0
622,0
623,0
624,0
625,0
626,0
627,0
628,0
629,0
630,0
631,0
632,0
633,0
634,0
635,0
636,0
637,0
638,0
639,0
640,-1
641,-1
642,0
643,0
644,0
645,0
646,0
647,0
648,0
649,0
650,0
651,0
652,0
653,0
654,0
655,-1
656,1
657,-1
658,-1
659,-1
660,1
661,1
662,1
663,1
664,-1
665,-1
666,-1
667,-1
668,-1
669,8
670,-1
671,-1
672,-1
673,8
674,-1
675,-1
676,8
677,8
678,8
679,8
680,8
681,8
682,-1
683,-1
684,8
685,-1
686,-1
687,-1
688,-1
689,-1
690,-1
691,-1
692,8
693,8
694,-1
695,-1
696,-1
697,-1
698,-1
699,-1
700,-1
701,-1
702,-1
703,-1
704,-1
705,-1
706,-1
707,-1
708,-1
709,-1
710,-1
711,-1
712,-1
713,-1
714,-1
715,-1
716,-1
717,-1
718,-1
719,-1
720,-1
721,-1
722,-1
723,-1
724,-1
725,-1
726,1
727,-1
728,-1
729,1
730,-1
731,1
732,1
733,1
734,-1
735,-1
736,-1
737,-1
738,-1
739,-1
740,-1
741,-1
742,-1
743,-1
744,9
745,9
746,9
747,9
748,-1
749,-1
750,-1
751,-1
752,-1
753,-1
754,-1
755,-1
756,-1
757,-1
758,-1
759,-1
760,-1
761,-1
762,-1
763,-1
764,-1
765,-1
766,-1
767,-1
768,-1
769,-1
770,-1
771,-1
772,-1
773,-1
774,-1
775,-1
776,-1
777,-1
778,-1
779,-1
780,-1
781,-1
782,11
783,-1
784,0
785,0
786,0
787,0
788,0
789,0
790,0
791,0
792,0
793,0
794,0
795,0
796,0
797,0
798,0
799,0
800,0
801,0
802,0
803,0
804,0
805,0
806,0
807,0
808,0
809,0
810,0
811,0
812,0
813,0
814,0
815,0
816,0
817,0
818,0
819,0
820,-1
821,-1
822,0
823,0
824,0
825,0
826,0
827,0
828,0
829,0
830,0
831,0
832,0
833,0
834,0
835,0
836,0
837,0
838,0
839,-1
840,1
841,1
842,1
843,1
844,1
845,1
846,1
847,1
848,1
849,1
850,-1
851,-1
852,-1
853,-1
854,-1
855,-1
856,8
857,8
858,8
859,-1
860,-1
861,-1
862,-1
863,-1
864,-1
865,-1
866,-1
867,-1
868,-1
869,-1
870,-1
871,-1
872,-1
873,-1
874,-1
875,-1
876,-1
877,-1
878,-1
879,-1
880,-1
881,-1
882,-1
883,-1
884,-1
885,-1
886,-1
887,-1
888,-1
889,-1
890,-1
891,-1
892,-1
893,-1
894,-1
895,-1
896,-1
897,-1
898,10
899,-1
900,-1
901,10
902,10
903,-1
904,-1
905,-1
906,-1
907,-1
908,-1
909,-1
910,-1
911,-1
912,-1
913,-1
914,-1
915,-1
916,-1
917,-1
918,-1
919,-1
920,-1
921,-1
922,-1
923,-1
924,-1
925,-1
926,-1
927,-1
928,-1
929,-1
930,-1
931,-1
932,-1
933,-1
934,-1
935,-1
936,-1
937,-1
938,-1
939,-1
940,-1
941,-1
942,-1
943,-1
944,-1
945,-1
946,-1
947,-1
948,-1
949,-1
950,-1
951,-1
952,-1
953,-1
954,-1
955,-1
956,-1
957,-1
958,-1
959,-1
960,-1
961,-1
962,-1
963,-1
964,10
965,-1
966,-1
967,-1
968,-1
969,-1
970,-1
971,-1
972,-1
973,-1
974,-1
975,-1
976,-1
977,-1
978,-1
979,-1
980,-1
981,10
982,-1
983,-1
984,-1
985,-1
986,-1
987,-1
988,-1
989,7
990,7
991,7
992,7
993,-1
994,-1
995,7
996,7
997,7
998,7
999,-1
1000,-1
1001,-1
1002,-1
1003,-1
1004,-1
1005,-1
1006,-1
1007,-1
1008,-1
1009,-1
1010,-1
1011,-1
1012,-1
1013,-1
1014,-1
1015,-1
1016,-1
1017,-1
1018,-1
1019,11
1020,11
1021,-1
1022,-1
1023,-1
1024,0
1025,0
1026,0
1027,0
1028,0
1029,0
1030,0
1031,0
1032,0
1033,0
1034,0
1035,0
1036,0
1037,-1
1038,0
1039,0
1040,0
1041,0
1042,0
1043,0
1044,0
1045,0
1046,0
1047,0
1048,0
1049,0
1050,0
1051,0
1052,0
1053,0
1054,0
1055,0
1056,0
1057,0
1058,0
1059,0
1060,0
1061,0
1062,0
1063,0
1064,0
1065,0
1066,0
1067,0
1068,-1
1069,-1
1070,0
1071,0
1072,0
1073,0
1074,0
1075,0
1076,0
1077,0
1078,0
1079,0
1080,0
1081,0
1082,-1
1083,-1
1084,1
1085,1
1086,1
1087,1
1088,1
1089,1
1090,1
1091,1
1092,1
1093,-1
1094,-1
1095,-1
1096,-1
1097,-1
1098,-1
1099,-1
1100,8
1101,8
1102,8
1103,8
1104,8
1105,8
1106,8
1107,8
1108,8
1109,8
1110,8
1111,8
1112,-1
1113,-1
1114,-1
1115,-1
1116,-1
1117,-1
1118,-1
1119,-1
1120,-1
1121,-1
1122,-1
1123,-1
1124,-1
1125,-1
1126,-1
1127,1
1128,1
1129,1
1130,12
1131,13
1132,13
1133,-1
1134,-1
1135,-1
1136,-1
1137,-1
1138,-1
1139,-1
1140,1
1141,1
1142,-1
1143,13
1144,13
1145,-1
1146,-1
1147,-1
1148,14
1149,14
1150,-1
1151,-1
1152,1
1153,1
1154,-1
1155,13
1156,-1
1157,-1
1158,-1
1159,-1
1160,-1
1161,14
1162,14
1163,-1
1164,-1
1165,-1
1166,1
1167,12
1168,-1
1169,13
1170,-1
1171,-1
1172,-1
1173,14
1174,14
1175,-1
1176,-1
1177,1
1178,1
1179,12
1180,13
1181,13
1182,-1
1183,-1
1184,-1
1185,-1
1186,14
1187,14
1188,-1
1189,-1
1190,-1
1191,1
1192,12
1193,13
1194,13
1195,-1
1196,-1
1197,-1
1198,14
1199,-1
1200,-1
1201,-1
1202,-1
1203,1
1204,12
1205,13
1206,13
1207,-1
1208,-1
1209,-1
1210,-1
1211,-1
1212,-1
1213,-1
1214,1
1215,1
1216,1
1217,-1
1218,-1
1219,1
1220,-1
1221,-1
1222,-1
1223,-1
1224,7
1225,-1
1226,-1
1227,-1
1228,-1
1229,-1
1230,-1
1231,-1
1232,-1
1233,-1
1234,-1
1235,7
1236,7
1237,7
1238,-1
1239,7
1240,-1
1241,7
1242,7
1243,-1
1244,7
1245,7
1246,7
1247,7
1248,7
1249,-1
1250,7
1251,-1
1252,-1
1253,-1
1254,-1
1255,-1
1256,-1
1257,-1
1258,-1
1259,11
1260,11
1261,-1
1262,0
1263,0
1264,0
1265,0
1266,0
1267,0
1268,0
1269,0
1270,0
1271,0
1272,0
