flight_id,subseq_id,feature,z_mean
open_2017_05_08_close_2017_05_08_flight_Fixed Wing_N550ND_before_0_189617,open_2017_05_08_close_2017_05_08_flight_Fixed Wing_N550ND_before_0_189617,mae_AltB,0.11357941835213575
open_2017_05_08_close_2017_05_08_flight_Fixed Wing_N550ND_before_0_189617,open_2017_05_08_close_2017_05_08_flight_Fixed Wing_N550ND_before_0_189617,mae_BaroA,-0.0011572272370483987
open_2017_05_08_close_2017_05_08_flight_Fixed Wing_N550ND_before_0_189617,open_2017_05_08_close_2017_05_08_flight_Fixed Wing_N550ND_before_0_189617,mae_COM1,0.0016770670826833007
open_2017_05_08_close_2017_05_08_flight_Fixed Wing_N550ND_before_0_189617,open_2017_05_08_close_2017_05_08_flight_Fixed Wing_N550ND_before_0_189617,mae_COM2,-0.028341010063257798
open_2017_05_08_close_2017_05_08_flight_Fixed Wing_N550ND_before_0_189617,open_2017_05_08_close_2017_05_08_flight_Fixed Wing_N550ND_before_0_189617,mae_CRS,-0.029893805857274733
open_2017_05_08_close_2017_05_08_flight_Fixed Wing_N550ND_before_0_189617,open_2017_05_08_close_2017_05_08_flight_Fixed Wing_N550ND_before_0_189617,mae_E1_CHT2,0.9825369594046796
open_2017_05_08_close_2017_05_08_flight_Fixed Wing_N550ND_before_0_189617,open_2017_05_08_close_2017_05_08_flight_Fixed Wing_N550ND_before_0_189617,mae_E1_CHT4,0.8915165025551517
open_2017_05_08_close_2017_05_08_flight_Fixed Wing_N550ND_before_0_189617,open_2017_05_08_close_2017_05_08_flight_Fixed Wing_N550ND_before_0_189617,mae_E1_EGT2,0.4188234534943285
open_2017_05_08_close_2017_05_08_flight_Fixed Wing_N550ND_before_0_189617,open_2017_05_08_close_2017_05_08_flight_Fixed Wing_N550ND_before_0_189617,mae_E1_EGT4,0.5063187692253598
open_2017_05_08_close_2017_05_08_flight_Fixed Wing_N550ND_before_0_189617,open_2017_05_08_close_2017_05_08_flight_Fixed Wing_N550ND_before_0_189617,mae_E1_FFlow,0.42936342525669946
open_2017_05_08_close_2017_05_08_flight_Fixed Wing_N550ND_before_0_189617,open_2017_05_08_close_2017_05_08_flight_Fixed Wing_N550ND_before_0_189617,mae_E1_OilP,0.26775403411623305
open_2017_05_08_close_2017_05_08_flight_Fixed Wing_N550ND_before_0_189617,open_2017_05_08_close_2017_05_08_flight_Fixed Wing_N550ND_before_0_189617,mae_E1_OilT,0.06962143075302028
open_2017_05_08_close_2017_05_08_flight_Fixed Wing_N550ND_before_0_189617,open_2017_05_08_close_2017_05_08_flight_Fixed Wing_N550ND_before_0_189617,mae_E1_RPM,0.31740881920748176
open_2017_05_08_close_2017_05_08_flight_Fixed Wing_N550ND_before_0_189617,open_2017_05_08_close_2017_05_08_flight_Fixed Wing_N550ND_before_0_189617,mae_FQtyL,0.8697012682466726
open_2017_05_08_close_2017_05_08_flight_Fixed Wing_N550ND_before_0_189617,open_2017_05_08_close_2017_05_08_flight_Fixed Wing_N550ND_before_0_189617,mae_FQtyR,0.3408032485642069
open_2017_05_08_close_2017_05_08_flight_Fixed Wing_N550ND_before_0_189617,open_2017_05_08_close_2017_05_08_flight_Fixed Wing_N550ND_before_0_189617,mae_GndSpd,0.7528863976924051
open_2017_05_08_close_2017_05_08_flight_Fixed Wing_N550ND_before_0_189617,open_2017_05_08_close_2017_05_08_flight_Fixed Wing_N550ND_before_0_189617,mae_HAL,-0.028341010063256695
open_2017_05_08_close_2017_05_08_flight_Fixed Wing_N550ND_before_0_189617,open_2017_05_08_close_2017_05_08_flight_Fixed Wing_N550ND_before_0_189617,mae_HDG,0.2123166103292484
open_2017_05_08_close_2017_05_08_flight_Fixed Wing_N550ND_before_0_189617,open_2017_05_08_close_2017_05_08_flight_Fixed Wing_N550ND_before_0_189617,mae_HPLfd,0.11445103971607841
open_2017_05_08_close_2017_05_08_flight_Fixed Wing_N550ND_before_0_189617,open_2017_05_08_close_2017_05_08_flight_Fixed Wing_N550ND_before_0_189617,mae_LatAc,0.4974428517270288
open_2017_05_08_close_2017_05_08_flight_Fixed Wing_N550ND_before_0_189617,open_2017_05_08_close_2017_05_08_flight_Fixed Wing_N550ND_before_0_189617,mae_Latitude,-0.7281516618783664
open_2017_05_08_close_2017_05_08_flight_Fixed Wing_N550ND_before_0_189617,open_2017_05_08_close_2017_05_08_flight_Fixed Wing_N550ND_before_0_189617,mae_Longitude,-1.2407424742352031
open_2017_05_08_close_2017_05_08_flight_Fixed Wing_N550ND_before_0_189617,open_2017_05_08_close_2017_05_08_flight_Fixed Wing_N550ND_before_0_189617,mae_MagVar,-0.030977630962557075
open_2017_05_08_close_2017_05_08_flight_Fixed Wing_N550ND_before_0_189617,open_2017_05_08_close_2017_05_08_flight_Fixed Wing_N550ND_before_0_189617,mae_NAV1,0.0
open_2017_05_08_close_2017_05_08_flight_Fixed Wing_N550ND_before_0_189617,open_2017_05_08_close_2017_05_08_flight_Fixed Wing_N550ND_before_0_189617,mae_NAV2,0.0
open_2017_05_08_close_2017_05_08_flight_Fixed Wing_N550ND_before_0_189617,open_2017_05_08_close_2017_05_08_flight_Fixed Wing_N550ND_before_0_189617,mae_NormAc,0.42165580467441016
open_2017_05_08_close_2017_05_08_flight_Fixed Wing_N550ND_before_0_189617,open_2017_05_08_close_2017_05_08_flight_Fixed Wing_N550ND_before_0_189617,mae_OAT,0.06288271791697904
open_2017_05_08_close_2017_05_08_flight_Fixed Wing_N550ND_before_0_189617,open_2017_05_08_close_2017_05_08_flight_Fixed Wing_N550ND_before_0_189617,mae_Pitch,0.5996960571658505
open_2017_05_08_close_2017_05_08_flight_Fixed Wing_N550ND_before_0_189617,open_2017_05_08_close_2017_05_08_flight_Fixed Wing_N550ND_before_0_189617,mae_Roll,0.6031072979417565
open_2017_05_08_close_2017_05_08_flight_Fixed Wing_N550ND_before_0_189617,open_2017_05_08_close_2017_05_08_flight_Fixed Wing_N550ND_before_0_189617,mae_TAS,0.34325263965894715
open_2017_05_08_close_2017_05_08_flight_Fixed Wing_N550ND_before_0_189617,open_2017_05_08_close_2017_05_08_flight_Fixed Wing_N550ND_before_0_189617,mae_TRK,0.2654523749080654
open_2017_05_08_close_2017_05_08_flight_Fixed Wing_N550ND_before_0_189617,open_2017_05_08_close_2017_05_08_flight_Fixed Wing_N550ND_before_0_189617,mae_VSpd,-0.03089375658869125
open_2017_05_08_close_2017_05_08_flight_Fixed Wing_N550ND_before_0_189617,open_2017_05_08_close_2017_05_08_flight_Fixed Wing_N550ND_before_0_189617,mae_VSpdG,0.1635837873887272
open_2017_05_08_close_2017_05_08_flight_Fixed Wing_N550ND_before_0_189617,open_2017_05_08_close_2017_05_08_flight_Fixed Wing_N550ND_before_0_189617,mae_amp1,0.04305840428389759
open_2017_05_08_close_2017_05_08_flight_Fixed Wing_N550ND_before_0_189617,open_2017_05_08_close_2017_05_08_flight_Fixed Wing_N550ND_before_0_189617,mae_amp2,0.048746226265499425
open_2017_05_08_close_2017_05_08_flight_Fixed Wing_N550ND_before_0_189617,open_2017_05_08_close_2017_05_08_flight_Fixed Wing_N550ND_before_0_189617,mae_volt1,0.058311024141570085
open_2017_05_08_close_2017_05_08_flight_Fixed Wing_N550ND_before_0_189617,open_2017_05_08_close_2017_05_08_flight_Fixed Wing_N550ND_before_0_189617,mae_volt2,-0.11728375696564375
